2026-05-03 23:51:47,513 INFO Test mode: Scraping single entity 0109000001
2026-05-03 23:51:48,794 INFO HTTP Request: GET https://www.nemzeticegtar.hu/ceg-c0109000001.html "HTTP/2 200 OK"
2026-05-03 23:51:59,297 INFO Test mode: Scraping single entity 0109331320
2026-05-03 23:52:00,784 INFO HTTP Request: GET https://www.nemzeticegtar.hu/ceg-c0109331320.html "HTTP/2 200 OK"
2026-05-03 23:52:19,577 INFO Test mode: Scraping single entity 0109331320
2026-05-03 23:52:20,512 INFO HTTP Request: GET https://www.nemzeticegtar.hu/ceg-c0109331320.html "HTTP/2 200 OK"
2026-05-03 23:52:43,524 INFO Test mode: Scraping single entity 0109331320
2026-05-03 23:52:44,518 INFO HTTP Request: GET https://www.nemzeticegtar.hu/ceg-c0109331320.html "HTTP/2 200 OK"
2026-05-03 23:56:34,940 INFO Test mode: Scraping single entity 0109331320
2026-05-03 23:56:35,933 INFO HTTP Request: GET https://www.nemzeticegtar.hu/ceg-c0109331320.html "HTTP/2 200 OK"
2026-05-04 00:02:28,025 INFO Test mode: Scraping single entity 0109331320
2026-05-04 00:02:32,089 INFO HTTP Request: GET https://www.nemzeticegtar.hu/ceg-c0109331320.html "HTTP/2 200 OK"
2026-05-04 00:03:02,911 INFO Test mode: Scraping single entity 0109331320
2026-05-04 00:03:03,859 INFO HTTP Request: GET https://www.nemzeticegtar.hu/ceg-c0109331320.html "HTTP/2 200 OK"
2026-05-04 00:03:17,949 INFO Test mode: Scraping single entity 0109331320
2026-05-04 00:03:19,248 INFO HTTP Request: GET https://www.nemzeticegtar.hu/ceg-c0109331320.html "HTTP/2 200 OK"
2026-05-04 00:08:18,100 INFO Test mode: Scraping single entity 0109331320
2026-05-04 00:08:19,151 INFO HTTP Request: GET https://www.nemzeticegtar.hu/ceg-c0109331320.html "HTTP/2 200 OK"
2026-05-04 00:08:19,255 INFO Exporting database to CSV…
2026-05-04 00:08:19,257 INFO Done. CSV saved to cegtar.csv
2026-05-04 00:09:12,127 INFO HTTP Request: GET https://www.nemzeticegtar.hu/ceg-c0101000001.html "HTTP/2 200 OK"
2026-05-04 00:09:12,185 INFO HTTP Request: GET https://www.nemzeticegtar.hu/ceg-c0101000002.html "HTTP/2 200 OK"
2026-05-04 00:09:12,214 INFO HTTP Request: GET https://www.nemzeticegtar.hu/ceg-c0101000006.html "HTTP/2 200 OK"
2026-05-04 00:09:12,229 INFO HTTP Request: GET https://www.nemzeticegtar.hu/ceg-c0101000008.html "HTTP/2 200 OK"
2026-05-04 00:09:12,230 INFO HTTP Request: GET https://www.nemzeticegtar.hu/ceg-c0101000003.html "HTTP/2 200 OK"
2026-05-04 00:09:12,232 INFO HTTP Request: GET https://www.nemzeticegtar.hu/ceg-c0101000004.html "HTTP/2 200 OK"
2026-05-04 00:09:12,250 INFO HTTP Request: GET https://www.nemzeticegtar.hu/ceg-c0101000005.html "HTTP/2 200 OK"
2026-05-04 00:09:12,310 INFO HTTP Request: GET https://www.nemzeticegtar.hu/ceg-c0101000007.html "HTTP/2 200 OK"
2026-05-04 00:09:14,840 INFO HTTP Request: GET https://www.nemzeticegtar.hu/ceg-c0101000009.html "HTTP/2 200 OK"
2026-05-04 00:09:15,351 INFO HTTP Request: GET https://www.nemzeticegtar.hu/ceg-c0101000010.html "HTTP/2 200 OK"
2026-05-04 00:09:15,971 INFO HTTP Request: GET https://www.nemzeticegtar.hu/ceg-c0101000011.html "HTTP/2 200 OK"
2026-05-04 00:09:16,454 INFO HTTP Request: GET https://www.nemzeticegtar.hu/ceg-c0101000012.html "HTTP/2 200 OK"
2026-05-04 00:09:17,096 INFO HTTP Request: GET https://www.nemzeticegtar.hu/ceg-c0101000013.html "HTTP/2 200 OK"
2026-05-04 00:09:17,685 INFO HTTP Request: GET https://www.nemzeticegtar.hu/ceg-c0101000014.html "HTTP/2 200 OK"
2026-05-04 00:09:18,183 INFO HTTP Request: GET https://www.nemzeticegtar.hu/ceg-c0101000015.html "HTTP/2 200 OK"
2026-05-04 00:09:19,962 INFO HTTP Request: GET https://www.nemzeticegtar.hu/ceg-c0101000016.html "HTTP/2 200 OK"
2026-05-04 00:09:20,472 INFO HTTP Request: GET https://www.nemzeticegtar.hu/ceg-c0101000017.html "HTTP/2 200 OK"
2026-05-04 00:09:20,475 INFO HTTP Request: GET https://www.nemzeticegtar.hu/ceg-c0101000018.html "HTTP/2 200 OK"
2026-05-04 00:09:21,051 INFO HTTP Request: GET https://www.nemzeticegtar.hu/ceg-c0101000019.html "HTTP/2 200 OK"
2026-05-04 00:09:21,053 INFO HTTP Request: GET https://www.nemzeticegtar.hu/ceg-c0101000020.html "HTTP/2 200 OK"
2026-05-04 00:09:21,704 INFO HTTP Request: GET https://www.nemzeticegtar.hu/ceg-c0101000021.html "HTTP/2 200 OK"
2026-05-04 00:09:22,215 INFO HTTP Request: GET https://www.nemzeticegtar.hu/ceg-c0101000022.html "HTTP/2 200 OK"
2026-05-04 00:09:22,825 INFO HTTP Request: GET https://www.nemzeticegtar.hu/ceg-c0101000023.html "HTTP/2 200 OK"
2026-05-04 00:09:23,341 INFO HTTP Request: GET https://www.nemzeticegtar.hu/ceg-c0101000024.html "HTTP/2 200 OK"
2026-05-04 00:09:23,904 INFO HTTP Request: GET https://www.nemzeticegtar.hu/ceg-c0101000025.html "HTTP/2 200 OK"
2026-05-04 00:09:24,568 INFO HTTP Request: GET https://www.nemzeticegtar.hu/ceg-c0101000026.html "HTTP/2 200 OK"
2026-05-04 00:09:25,079 INFO HTTP Request: GET https://www.nemzeticegtar.hu/ceg-c0101000027.html "HTTP/2 200 OK"
2026-05-04 00:09:25,697 INFO HTTP Request: GET https://www.nemzeticegtar.hu/ceg-c0101000028.html "HTTP/2 200 OK"
2026-05-04 00:09:26,212 INFO HTTP Request: GET https://www.nemzeticegtar.hu/ceg-c0101000029.html "HTTP/2 200 OK"
2026-05-04 00:09:26,719 INFO HTTP Request: GET https://www.nemzeticegtar.hu/ceg-c0101000030.html "HTTP/2 200 OK"
2026-05-04 00:09:27,293 INFO HTTP Request: GET https://www.nemzeticegtar.hu/ceg-c0101000031.html "HTTP/2 200 OK"
2026-05-04 00:09:27,857 INFO HTTP Request: GET https://www.nemzeticegtar.hu/ceg-c0101000032.html "HTTP/2 200 OK"
2026-05-04 00:09:28,458 INFO HTTP Request: GET https://www.nemzeticegtar.hu/ceg-c0101000033.html "HTTP/2 200 OK"
2026-05-04 00:09:29,073 INFO HTTP Request: GET https://www.nemzeticegtar.hu/ceg-c0101000034.html "HTTP/2 200 OK"
2026-05-04 00:09:29,586 INFO HTTP Request: GET https://www.nemzeticegtar.hu/ceg-c0101000035.html "HTTP/2 200 OK"
2026-05-04 00:09:30,200 INFO HTTP Request: GET https://www.nemzeticegtar.hu/ceg-c0101000036.html "HTTP/2 200 OK"
2026-05-04 00:09:30,688 INFO HTTP Request: GET https://www.nemzeticegtar.hu/ceg-c0101000037.html "HTTP/2 200 OK"
2026-05-04 00:09:31,940 INFO HTTP Request: GET https://www.nemzeticegtar.hu/ceg-c0101000038.html "HTTP/2 200 OK"
2026-05-04 00:09:31,942 INFO HTTP Request: GET https://www.nemzeticegtar.hu/ceg-c0101000039.html "HTTP/2 200 OK"
2026-05-04 00:09:32,402 INFO HTTP Request: GET https://www.nemzeticegtar.hu/ceg-c0101000040.html "HTTP/2 200 OK"
2026-05-04 00:09:33,070 INFO HTTP Request: GET https://www.nemzeticegtar.hu/ceg-c0101000041.html "HTTP/2 200 OK"
2026-05-04 00:09:33,540 INFO HTTP Request: GET https://www.nemzeticegtar.hu/ceg-c0101000042.html "HTTP/2 200 OK"
2026-05-04 00:09:34,194 INFO HTTP Request: GET https://www.nemzeticegtar.hu/ceg-c0101000043.html "HTTP/2 200 OK"
2026-05-04 00:09:34,694 INFO HTTP Request: GET https://www.nemzeticegtar.hu/ceg-c0101000044.html "HTTP/2 200 OK"
2026-05-04 00:09:35,939 INFO HTTP Request: GET https://www.nemzeticegtar.hu/ceg-c0101000047.html "HTTP/2 200 OK"
2026-05-04 00:09:35,941 INFO HTTP Request: GET https://www.nemzeticegtar.hu/ceg-c0101000045.html "HTTP/2 200 OK"
2026-05-04 00:09:36,451 INFO HTTP Request: GET https://www.nemzeticegtar.hu/ceg-c0101000046.html "HTTP/2 200 OK"
2026-05-04 00:09:37,578 INFO HTTP Request: GET https://www.nemzeticegtar.hu/ceg-c0101000049.html "HTTP/2 200 OK"
2026-05-04 00:09:37,580 INFO HTTP Request: GET https://www.nemzeticegtar.hu/ceg-c0101000048.html "HTTP/2 200 OK"
2026-05-04 00:09:38,127 INFO HTTP Request: GET https://www.nemzeticegtar.hu/ceg-c0101000050.html "HTTP/2 200 OK"
2026-05-04 00:09:39,316 INFO HTTP Request: GET https://www.nemzeticegtar.hu/ceg-c0101000051.html "HTTP/2 200 OK"
2026-05-04 00:09:39,318 INFO HTTP Request: GET https://www.nemzeticegtar.hu/ceg-c0101000052.html "HTTP/2 200 OK"
2026-05-04 00:09:39,934 INFO HTTP Request: GET https://www.nemzeticegtar.hu/ceg-c0101000053.html "HTTP/2 200 OK"
2026-05-04 00:09:40,440 INFO HTTP Request: GET https://www.nemzeticegtar.hu/ceg-c0101000054.html "HTTP/2 200 OK"
2026-05-04 00:09:41,062 INFO HTTP Request: GET https://www.nemzeticegtar.hu/ceg-c0101000055.html "HTTP/2 200 OK"
2026-05-04 00:09:41,772 INFO HTTP Request: GET https://www.nemzeticegtar.hu/ceg-c0101000056.html "HTTP/2 200 OK"
2026-05-04 00:09:42,594 INFO HTTP Request: GET https://www.nemzeticegtar.hu/ceg-c0101000057.html "HTTP/2 200 OK"
2026-05-04 00:09:43,717 INFO HTTP Request: GET https://www.nemzeticegtar.hu/ceg-c0101000060.html "HTTP/2 200 OK"
2026-05-04 00:09:43,719 INFO HTTP Request: GET https://www.nemzeticegtar.hu/ceg-c0101000058.html "HTTP/2 200 OK"
2026-05-04 00:09:44,275 INFO HTTP Request: GET https://www.nemzeticegtar.hu/ceg-c0101000059.html "HTTP/2 200 OK"
2026-05-04 00:09:45,457 INFO HTTP Request: GET https://www.nemzeticegtar.hu/ceg-c0101000061.html "HTTP/2 200 OK"
2026-05-04 00:09:45,984 INFO HTTP Request: GET https://www.nemzeticegtar.hu/ceg-c0101000062.html "HTTP/2 200 OK"
2026-05-04 00:09:45,987 INFO HTTP Request: GET https://www.nemzeticegtar.hu/ceg-c0101000063.html "HTTP/2 200 OK"
2026-05-04 00:09:46,584 INFO HTTP Request: GET https://www.nemzeticegtar.hu/ceg-c0101000064.html "HTTP/2 200 OK"
2026-05-04 00:09:47,123 INFO HTTP Request: GET https://www.nemzeticegtar.hu/ceg-c0101000065.html "HTTP/2 200 OK"
2026-05-04 00:09:48,038 INFO HTTP Request: GET https://www.nemzeticegtar.hu/ceg-c0101000066.html "HTTP/2 200 OK"
2026-05-04 00:09:48,560 INFO HTTP Request: GET https://www.nemzeticegtar.hu/ceg-c0101000067.html "HTTP/2 200 OK"
2026-05-04 00:09:49,175 INFO HTTP Request: GET https://www.nemzeticegtar.hu/ceg-c0101000068.html "HTTP/2 200 OK"
2026-05-04 00:09:49,890 INFO HTTP Request: GET https://www.nemzeticegtar.hu/ceg-c0101000069.html "HTTP/2 200 OK"
2026-05-04 00:09:50,373 INFO HTTP Request: GET https://www.nemzeticegtar.hu/ceg-c0101000070.html "HTTP/2 200 OK"
2026-05-04 00:09:50,998 INFO HTTP Request: GET https://www.nemzeticegtar.hu/ceg-c0101000071.html "HTTP/2 200 OK"
2026-05-04 00:09:51,601 INFO HTTP Request: GET https://www.nemzeticegtar.hu/ceg-c0101000072.html "HTTP/2 200 OK"
2026-05-04 00:09:52,230 INFO HTTP Request: GET https://www.nemzeticegtar.hu/ceg-c0101000074.html "HTTP/2 200 OK"
2026-05-04 00:09:52,840 INFO HTTP Request: GET https://www.nemzeticegtar.hu/ceg-c0101000073.html "HTTP/2 200 OK"
2026-05-04 00:09:54,064 INFO HTTP Request: GET https://www.nemzeticegtar.hu/ceg-c0101000075.html "HTTP/2 200 OK"
2026-05-04 00:09:55,081 INFO HTTP Request: GET https://www.nemzeticegtar.hu/ceg-c0101000076.html "HTTP/2 200 OK"
2026-05-04 00:09:55,082 INFO HTTP Request: GET https://www.nemzeticegtar.hu/ceg-c0101000077.html "HTTP/2 200 OK"
2026-05-04 00:09:55,084 INFO HTTP Request: GET https://www.nemzeticegtar.hu/ceg-c0101000078.html "HTTP/2 200 OK"
2026-05-04 00:09:56,213 INFO HTTP Request: GET https://www.nemzeticegtar.hu/ceg-c0101000079.html "HTTP/2 200 OK"
2026-05-04 00:09:56,217 INFO HTTP Request: GET https://www.nemzeticegtar.hu/ceg-c0101000080.html "HTTP/2 200 OK"
2026-05-04 00:09:56,756 INFO HTTP Request: GET https://www.nemzeticegtar.hu/ceg-c0101000081.html "HTTP/2 200 OK"
2026-05-04 00:09:57,342 INFO HTTP Request: GET https://www.nemzeticegtar.hu/ceg-c0101000082.html "HTTP/2 200 OK"
2026-05-04 00:09:57,897 INFO HTTP Request: GET https://www.nemzeticegtar.hu/ceg-c0101000083.html "HTTP/2 200 OK"
2026-05-04 00:09:58,769 INFO HTTP Request: GET https://www.nemzeticegtar.hu/ceg-c0101000084.html "HTTP/2 200 OK"
2026-05-04 00:09:59,351 INFO HTTP Request: GET https://www.nemzeticegtar.hu/ceg-c0101000085.html "HTTP/2 200 OK"
2026-05-04 00:09:59,958 INFO HTTP Request: GET https://www.nemzeticegtar.hu/ceg-c0101000086.html "HTTP/2 200 OK"
2026-05-04 00:10:00,509 INFO HTTP Request: GET https://www.nemzeticegtar.hu/ceg-c0101000087.html "HTTP/2 200 OK"
2026-05-04 00:10:01,123 INFO HTTP Request: GET https://www.nemzeticegtar.hu/ceg-c0101000088.html "HTTP/2 200 OK"
2026-05-04 00:10:01,742 INFO HTTP Request: GET https://www.nemzeticegtar.hu/ceg-c0101000089.html "HTTP/2 200 OK"
2026-05-04 00:10:02,254 INFO HTTP Request: GET https://www.nemzeticegtar.hu/ceg-c0101000090.html "HTTP/2 200 OK"
2026-05-04 00:10:02,865 INFO HTTP Request: GET https://www.nemzeticegtar.hu/ceg-c0101000091.html "HTTP/2 200 OK"
2026-05-04 00:10:03,480 INFO HTTP Request: GET https://www.nemzeticegtar.hu/ceg-c0101000092.html "HTTP/2 200 OK"
2026-05-04 00:10:04,003 INFO HTTP Request: GET https://www.nemzeticegtar.hu/ceg-c0101000093.html "HTTP/2 200 OK"
2026-05-04 00:10:04,606 INFO HTTP Request: GET https://www.nemzeticegtar.hu/ceg-c0101000094.html "HTTP/2 200 OK"
2026-05-04 00:10:05,220 INFO HTTP Request: GET https://www.nemzeticegtar.hu/ceg-c0101000095.html "HTTP/2 200 OK"
2026-05-04 00:10:05,732 INFO HTTP Request: GET https://www.nemzeticegtar.hu/ceg-c0101000096.html "HTTP/2 200 OK"
2026-05-04 00:10:06,356 INFO HTTP Request: GET https://www.nemzeticegtar.hu/ceg-c0101000097.html "HTTP/2 200 OK"
2026-05-04 00:10:06,969 INFO HTTP Request: GET https://www.nemzeticegtar.hu/ceg-c0101000098.html "HTTP/2 200 OK"
2026-05-04 00:10:08,052 INFO HTTP Request: GET https://www.nemzeticegtar.hu/ceg-c0101000099.html "HTTP/2 200 OK"
2026-05-04 00:10:09,218 INFO HTTP Request: GET https://www.nemzeticegtar.hu/ceg-c0101000100.html "HTTP/2 200 OK"
2026-05-04 00:10:09,219 INFO HTTP Request: GET https://www.nemzeticegtar.hu/ceg-c0101000101.html "HTTP/2 200 OK"
2026-05-04 00:10:09,828 INFO HTTP Request: GET https://www.nemzeticegtar.hu/ceg-c0101000102.html "HTTP/2 200 OK"
2026-05-04 00:10:10,447 INFO HTTP Request: GET https://www.nemzeticegtar.hu/ceg-c0101000103.html "HTTP/2 200 OK"
2026-05-04 00:10:10,449 INFO HTTP Request: GET https://www.nemzeticegtar.hu/ceg-c0101000104.html "HTTP/2 200 OK"
2026-05-04 00:10:10,972 INFO HTTP Request: GET https://www.nemzeticegtar.hu/ceg-c0101000105.html "HTTP/2 200 OK"
2026-05-04 00:10:11,573 INFO HTTP Request: GET https://www.nemzeticegtar.hu/ceg-c0101000106.html "HTTP/2 200 OK"
2026-05-04 00:10:12,182 INFO HTTP Request: GET https://www.nemzeticegtar.hu/ceg-c0101000107.html "HTTP/2 200 OK"
2026-05-04 00:10:12,680 INFO HTTP Request: GET https://www.nemzeticegtar.hu/ceg-c0101000108.html "HTTP/2 200 OK"
2026-05-04 00:10:13,309 INFO HTTP Request: GET https://www.nemzeticegtar.hu/ceg-c0101000109.html "HTTP/2 200 OK"
2026-05-04 00:10:13,820 INFO HTTP Request: GET https://www.nemzeticegtar.hu/ceg-c0101000110.html "HTTP/2 200 OK"
2026-05-04 00:10:14,434 INFO HTTP Request: GET https://www.nemzeticegtar.hu/ceg-c0101000111.html "HTTP/2 200 OK"
2026-05-04 00:10:15,054 INFO HTTP Request: GET https://www.nemzeticegtar.hu/ceg-c0101000112.html "HTTP/2 200 OK"
2026-05-04 00:10:15,545 INFO HTTP Request: GET https://www.nemzeticegtar.hu/ceg-c0101000113.html "HTTP/2 200 OK"
2026-05-04 00:10:16,116 INFO HTTP Request: GET https://www.nemzeticegtar.hu/ceg-c0101000114.html "HTTP/2 200 OK"
2026-05-04 00:10:16,690 INFO HTTP Request: GET https://www.nemzeticegtar.hu/ceg-c0101000115.html "HTTP/2 200 OK"
2026-05-04 00:10:17,283 INFO HTTP Request: GET https://www.nemzeticegtar.hu/ceg-c0101000116.html "HTTP/2 200 OK"
2026-05-04 00:10:17,922 INFO HTTP Request: GET https://www.nemzeticegtar.hu/ceg-c0101000117.html "HTTP/2 200 OK"
2026-05-04 00:10:18,430 INFO HTTP Request: GET https://www.nemzeticegtar.hu/ceg-c0101000118.html "HTTP/2 200 OK"
2026-05-04 00:10:19,664 INFO HTTP Request: GET https://www.nemzeticegtar.hu/ceg-c0101000119.html "HTTP/2 200 OK"
2026-05-04 00:10:20,173 INFO HTTP Request: GET https://www.nemzeticegtar.hu/ceg-c0101000120.html "HTTP/2 200 OK"
2026-05-04 00:10:20,175 INFO HTTP Request: GET https://www.nemzeticegtar.hu/ceg-c0101000121.html "HTTP/2 200 OK"
2026-05-04 00:10:20,803 INFO HTTP Request: GET https://www.nemzeticegtar.hu/ceg-c0101000122.html "HTTP/2 200 OK"
2026-05-04 00:10:21,940 INFO HTTP Request: GET https://www.nemzeticegtar.hu/ceg-c0101000124.html "HTTP/2 200 OK"
2026-05-04 00:10:21,943 INFO HTTP Request: GET https://www.nemzeticegtar.hu/ceg-c0101000123.html "HTTP/2 200 OK"
2026-05-04 00:10:22,422 INFO HTTP Request: GET https://www.nemzeticegtar.hu/ceg-c0101000125.html "HTTP/2 200 OK"
2026-05-04 00:10:22,986 INFO HTTP Request: GET https://www.nemzeticegtar.hu/ceg-c0101000126.html "HTTP/2 200 OK"
2026-05-04 00:10:23,557 INFO HTTP Request: GET https://www.nemzeticegtar.hu/ceg-c0101000127.html "HTTP/2 200 OK"
2026-05-04 00:10:24,163 INFO HTTP Request: GET https://www.nemzeticegtar.hu/ceg-c0101000128.html "HTTP/2 200 OK"
2026-05-04 00:10:24,684 INFO HTTP Request: GET https://www.nemzeticegtar.hu/ceg-c0101000129.html "HTTP/2 200 OK"
2026-05-04 00:10:25,288 INFO HTTP Request: GET https://www.nemzeticegtar.hu/ceg-c0101000130.html "HTTP/2 200 OK"
2026-05-04 00:10:25,906 INFO HTTP Request: GET https://www.nemzeticegtar.hu/ceg-c0101000131.html "HTTP/2 200 OK"
2026-05-04 00:10:27,037 INFO HTTP Request: GET https://www.nemzeticegtar.hu/ceg-c0101000132.html "HTTP/2 200 OK"
2026-05-04 00:10:27,040 INFO HTTP Request: GET https://www.nemzeticegtar.hu/ceg-c0101000133.html "HTTP/2 200 OK"
2026-05-04 00:10:27,578 INFO HTTP Request: GET https://www.nemzeticegtar.hu/ceg-c0101000134.html "HTTP/2 200 OK"
2026-05-04 00:10:28,780 INFO HTTP Request: GET https://www.nemzeticegtar.hu/ceg-c0101000135.html "HTTP/2 200 OK"
2026-05-04 00:10:29,263 INFO HTTP Request: GET https://www.nemzeticegtar.hu/ceg-c0101000136.html "HTTP/2 200 OK"
2026-05-04 00:10:29,265 INFO HTTP Request: GET https://www.nemzeticegtar.hu/ceg-c0101000137.html "HTTP/2 200 OK"
2026-05-04 00:10:29,898 INFO HTTP Request: GET https://www.nemzeticegtar.hu/ceg-c0101000138.html "HTTP/2 200 OK"
2026-05-04 00:10:30,514 INFO HTTP Request: GET https://www.nemzeticegtar.hu/ceg-c0101000139.html "HTTP/2 200 OK"
2026-05-04 00:10:31,029 INFO HTTP Request: GET https://www.nemzeticegtar.hu/ceg-c0101000140.html "HTTP/2 200 OK"
2026-05-04 00:10:31,638 INFO HTTP Request: GET https://www.nemzeticegtar.hu/ceg-c0101000141.html "HTTP/2 200 OK"
2026-05-04 00:10:32,150 INFO HTTP Request: GET https://www.nemzeticegtar.hu/ceg-c0101000142.html "HTTP/2 200 OK"
2026-05-04 00:10:32,674 INFO HTTP Request: GET https://www.nemzeticegtar.hu/ceg-c0101000143.html "HTTP/2 200 OK"
2026-05-04 00:10:33,863 INFO HTTP Request: GET https://www.nemzeticegtar.hu/ceg-c0101000144.html "HTTP/2 200 OK"
2026-05-04 00:10:34,505 INFO HTTP Request: GET https://www.nemzeticegtar.hu/ceg-c0101000145.html "HTTP/2 200 OK"
2026-05-04 00:10:35,018 INFO HTTP Request: GET https://www.nemzeticegtar.hu/ceg-c0101000146.html "HTTP/2 200 OK"
2026-05-04 00:10:35,021 INFO HTTP Request: GET https://www.nemzeticegtar.hu/ceg-c0101000147.html "HTTP/2 200 OK"
2026-05-04 00:10:35,634 INFO HTTP Request: GET https://www.nemzeticegtar.hu/ceg-c0101000148.html "HTTP/2 200 OK"
2026-05-04 00:10:36,149 INFO HTTP Request: GET https://www.nemzeticegtar.hu/ceg-c0101000149.html "HTTP/2 200 OK"
2026-05-04 00:10:36,759 INFO HTTP Request: GET https://www.nemzeticegtar.hu/ceg-c0101000150.html "HTTP/2 200 OK"
2026-05-04 00:10:37,249 INFO HTTP Request: GET https://www.nemzeticegtar.hu/ceg-c0101000151.html "HTTP/2 200 OK"
2026-05-04 00:10:37,888 INFO HTTP Request: GET https://www.nemzeticegtar.hu/ceg-c0101000152.html "HTTP/2 200 OK"
2026-05-04 00:10:38,604 INFO HTTP Request: GET https://www.nemzeticegtar.hu/ceg-c0101000153.html "HTTP/2 200 OK"
2026-05-04 00:10:39,012 INFO HTTP Request: GET https://www.nemzeticegtar.hu/ceg-c0101000154.html "HTTP/2 200 OK"
2026-05-04 00:10:39,554 INFO HTTP Request: GET https://www.nemzeticegtar.hu/ceg-c0101000155.html "HTTP/2 200 OK"
2026-05-04 00:10:40,246 INFO HTTP Request: GET https://www.nemzeticegtar.hu/ceg-c0101000156.html "HTTP/2 200 OK"
2026-05-04 00:10:40,695 INFO HTTP Request: GET https://www.nemzeticegtar.hu/ceg-c0101000157.html "HTTP/2 200 OK"
2026-05-04 00:10:41,372 INFO HTTP Request: GET https://www.nemzeticegtar.hu/ceg-c0101000158.html "HTTP/2 200 OK"
2026-05-04 00:10:41,878 INFO HTTP Request: GET https://www.nemzeticegtar.hu/ceg-c0101000159.html "HTTP/2 200 OK"
2026-05-04 00:10:42,493 INFO HTTP Request: GET https://www.nemzeticegtar.hu/ceg-c0101000160.html "HTTP/2 200 OK"
2026-05-04 00:10:43,272 INFO HTTP Request: GET https://www.nemzeticegtar.hu/ceg-c0101000162.html "HTTP/2 200 OK"
2026-05-04 00:10:45,667 INFO HTTP Request: GET https://www.nemzeticegtar.hu/ceg-c0101000161.html "HTTP/2 200 OK"
2026-05-04 00:10:45,669 INFO HTTP Request: GET https://www.nemzeticegtar.hu/ceg-c0101000163.html "HTTP/2 200 OK"
2026-05-04 00:10:45,672 INFO HTTP Request: GET https://www.nemzeticegtar.hu/ceg-c0101000164.html "HTTP/2 200 OK"
2026-05-04 00:10:46,178 INFO HTTP Request: GET https://www.nemzeticegtar.hu/ceg-c0101000165.html "HTTP/2 200 OK"
2026-05-04 00:10:46,182 INFO HTTP Request: GET https://www.nemzeticegtar.hu/ceg-c0101000166.html "HTTP/2 200 OK"
2026-05-04 00:10:46,824 INFO HTTP Request: GET https://www.nemzeticegtar.hu/ceg-c0101000167.html "HTTP/2 200 OK"
2026-05-04 00:10:47,397 INFO HTTP Request: GET https://www.nemzeticegtar.hu/ceg-c0101000168.html "HTTP/2 200 OK"
2026-05-04 00:10:47,877 INFO HTTP Request: GET https://www.nemzeticegtar.hu/ceg-c0101000169.html "HTTP/2 200 OK"
2026-05-04 00:10:48,494 INFO HTTP Request: GET https://www.nemzeticegtar.hu/ceg-c0101000170.html "HTTP/2 200 OK"
2026-05-04 00:10:49,254 INFO HTTP Request: GET https://www.nemzeticegtar.hu/ceg-c0101000171.html "HTTP/2 200 OK"
2026-05-04 00:10:49,653 INFO HTTP Request: GET https://www.nemzeticegtar.hu/ceg-c0101000172.html "HTTP/2 200 OK"
2026-05-04 00:10:50,279 INFO HTTP Request: GET https://www.nemzeticegtar.hu/ceg-c0101000173.html "HTTP/2 200 OK"
2026-05-04 00:10:50,840 INFO HTTP Request: GET https://www.nemzeticegtar.hu/ceg-c0101000174.html "HTTP/2 200 OK"
2026-05-04 00:10:51,504 INFO HTTP Request: GET https://www.nemzeticegtar.hu/ceg-c0101000175.html "HTTP/2 200 OK"
2026-05-04 00:10:52,034 INFO HTTP Request: GET https://www.nemzeticegtar.hu/ceg-c0101000176.html "HTTP/2 200 OK"
2026-05-04 00:10:52,633 INFO HTTP Request: GET https://www.nemzeticegtar.hu/ceg-c0101000177.html "HTTP/2 200 OK"
2026-05-04 00:10:53,158 INFO HTTP Request: GET https://www.nemzeticegtar.hu/ceg-c0101000178.html "HTTP/2 200 OK"
2026-05-04 00:10:53,680 INFO HTTP Request: GET https://www.nemzeticegtar.hu/ceg-c0101000179.html "HTTP/2 200 OK"
2026-05-04 00:10:54,269 INFO HTTP Request: GET https://www.nemzeticegtar.hu/ceg-c0101000180.html "HTTP/2 200 OK"
2026-05-04 00:10:54,873 INFO HTTP Request: GET https://www.nemzeticegtar.hu/ceg-c0101000181.html "HTTP/2 200 OK"
2026-05-04 00:10:55,504 INFO HTTP Request: GET https://www.nemzeticegtar.hu/ceg-c0101000182.html "HTTP/2 200 OK"
2026-05-04 00:10:57,117 INFO HTTP Request: GET https://www.nemzeticegtar.hu/ceg-c0101000183.html "HTTP/2 200 OK"
2026-05-04 00:10:57,120 INFO HTTP Request: GET https://www.nemzeticegtar.hu/ceg-c0101000184.html "HTTP/2 200 OK"
2026-05-04 00:10:57,755 INFO HTTP Request: GET https://www.nemzeticegtar.hu/ceg-c0101000185.html "HTTP/2 200 OK"
2026-05-04 00:10:57,773 INFO HTTP Request: GET https://www.nemzeticegtar.hu/ceg-c0101000186.html "HTTP/2 200 OK"
2026-05-04 00:10:58,254 INFO HTTP Request: GET https://www.nemzeticegtar.hu/ceg-c0101000187.html "HTTP/2 200 OK"
2026-05-04 00:10:58,830 INFO HTTP Request: GET https://www.nemzeticegtar.hu/ceg-c0101000188.html "HTTP/2 200 OK"
2026-05-04 00:10:59,393 INFO HTTP Request: GET https://www.nemzeticegtar.hu/ceg-c0101000189.html "HTTP/2 200 OK"
2026-05-04 00:10:59,967 INFO HTTP Request: GET https://www.nemzeticegtar.hu/ceg-c0101000190.html "HTTP/2 200 OK"
2026-05-04 00:11:00,602 INFO HTTP Request: GET https://www.nemzeticegtar.hu/ceg-c0101000191.html "HTTP/2 200 OK"
2026-05-04 00:11:01,113 INFO HTTP Request: GET https://www.nemzeticegtar.hu/ceg-c0101000192.html "HTTP/2 200 OK"
2026-05-04 00:11:02,267 INFO HTTP Request: GET https://www.nemzeticegtar.hu/ceg-c0101000193.html "HTTP/2 200 OK"
2026-05-04 00:11:02,848 INFO HTTP Request: GET https://www.nemzeticegtar.hu/ceg-c0101000194.html "HTTP/2 200 OK"
2026-05-04 00:11:02,851 INFO HTTP Request: GET https://www.nemzeticegtar.hu/ceg-c0101000195.html "HTTP/2 200 OK"
2026-05-04 00:11:03,997 INFO HTTP Request: GET https://www.nemzeticegtar.hu/ceg-c0101000196.html "HTTP/2 200 OK"
2026-05-04 00:11:04,612 INFO HTTP Request: GET https://www.nemzeticegtar.hu/ceg-c0101000197.html "HTTP/2 200 OK"
2026-05-04 00:11:04,614 INFO HTTP Request: GET https://www.nemzeticegtar.hu/ceg-c0101000198.html "HTTP/2 200 OK"
2026-05-04 00:11:05,143 INFO HTTP Request: GET https://www.nemzeticegtar.hu/ceg-c0101000199.html "HTTP/2 200 OK"
2026-05-04 00:11:05,705 INFO HTTP Request: GET https://www.nemzeticegtar.hu/ceg-c0101000200.html "HTTP/2 200 OK"
2026-05-04 00:11:06,271 INFO HTTP Request: GET https://www.nemzeticegtar.hu/ceg-c0101000201.html "HTTP/2 200 OK"
2026-05-04 00:11:06,863 INFO HTTP Request: GET https://www.nemzeticegtar.hu/ceg-c0101000202.html "HTTP/2 200 OK"
2026-05-04 00:11:07,477 INFO HTTP Request: GET https://www.nemzeticegtar.hu/ceg-c0101000203.html "HTTP/2 200 OK"
2026-05-04 00:11:07,989 INFO HTTP Request: GET https://www.nemzeticegtar.hu/ceg-c0101000204.html "HTTP/2 200 OK"
2026-05-04 00:11:08,547 INFO HTTP Request: GET https://www.nemzeticegtar.hu/ceg-c0101000205.html "HTTP/2 200 OK"
2026-05-04 00:11:09,120 INFO HTTP Request: GET https://www.nemzeticegtar.hu/ceg-c0101000206.html "HTTP/2 200 OK"
2026-05-04 00:11:10,372 INFO HTTP Request: GET https://www.nemzeticegtar.hu/ceg-c0101000207.html "HTTP/2 200 OK"
2026-05-04 00:11:10,863 INFO HTTP Request: GET https://www.nemzeticegtar.hu/ceg-c0101000208.html "HTTP/2 200 OK"
2026-05-04 00:11:10,867 INFO HTTP Request: GET https://www.nemzeticegtar.hu/ceg-c0101000209.html "HTTP/2 200 OK"
2026-05-04 00:11:11,471 INFO HTTP Request: GET https://www.nemzeticegtar.hu/ceg-c0101000210.html "HTTP/2 200 OK"
2026-05-04 00:11:12,042 INFO HTTP Request: GET https://www.nemzeticegtar.hu/ceg-c0101000211.html "HTTP/2 200 OK"
2026-05-04 00:11:12,610 INFO HTTP Request: GET https://www.nemzeticegtar.hu/ceg-c0101000212.html "HTTP/2 200 OK"
2026-05-04 00:11:13,135 INFO HTTP Request: GET https://www.nemzeticegtar.hu/ceg-c0101000213.html "HTTP/2 200 OK"
2026-05-04 00:11:13,742 INFO HTTP Request: GET https://www.nemzeticegtar.hu/ceg-c0101000214.html "HTTP/2 200 OK"
2026-05-04 00:11:14,442 INFO HTTP Request: GET https://www.nemzeticegtar.hu/ceg-c0101000215.html "HTTP/2 200 OK"
2026-05-04 00:11:15,057 INFO HTTP Request: GET https://www.nemzeticegtar.hu/ceg-c0101000216.html "HTTP/2 200 OK"
2026-05-04 00:11:16,173 INFO HTTP Request: GET https://www.nemzeticegtar.hu/ceg-c0101000217.html "HTTP/2 200 OK"
2026-05-04 00:11:16,698 INFO HTTP Request: GET https://www.nemzeticegtar.hu/ceg-c0101000218.html "HTTP/2 200 OK"
2026-05-04 00:11:16,701 INFO HTTP Request: GET https://www.nemzeticegtar.hu/ceg-c0101000219.html "HTTP/2 200 OK"
2026-05-04 00:11:17,823 INFO HTTP Request: GET https://www.nemzeticegtar.hu/ceg-c0101000220.html "HTTP/2 200 OK"
2026-05-04 00:11:18,946 INFO HTTP Request: GET https://www.nemzeticegtar.hu/ceg-c0101000221.html "HTTP/2 200 OK"
2026-05-04 00:11:18,948 INFO HTTP Request: GET https://www.nemzeticegtar.hu/ceg-c0101000222.html "HTTP/2 200 OK"
2026-05-04 00:11:19,508 INFO HTTP Request: GET https://www.nemzeticegtar.hu/ceg-c0101000223.html "HTTP/2 200 OK"
2026-05-04 00:11:19,511 INFO HTTP Request: GET https://www.nemzeticegtar.hu/ceg-c0101000224.html "HTTP/2 200 OK"
2026-05-04 00:11:20,651 INFO HTTP Request: GET https://www.nemzeticegtar.hu/ceg-c0101000227.html "HTTP/2 200 OK"
2026-05-04 00:11:20,654 INFO HTTP Request: GET https://www.nemzeticegtar.hu/ceg-c0101000225.html "HTTP/2 200 OK"
2026-05-04 00:11:21,232 INFO HTTP Request: GET https://www.nemzeticegtar.hu/ceg-c0101000226.html "HTTP/2 200 OK"
2026-05-04 00:11:22,380 INFO HTTP Request: GET https://www.nemzeticegtar.hu/ceg-c0101000228.html "HTTP/2 200 OK"
2026-05-04 00:11:22,383 INFO HTTP Request: GET https://www.nemzeticegtar.hu/ceg-c0101000229.html "HTTP/2 200 OK"
2026-05-04 00:11:23,554 INFO HTTP Request: GET https://www.nemzeticegtar.hu/ceg-c0101000230.html "HTTP/2 200 OK"
2026-05-04 00:11:23,557 INFO HTTP Request: GET https://www.nemzeticegtar.hu/ceg-c0101000231.html "HTTP/2 200 OK"
2026-05-04 00:11:24,168 INFO HTTP Request: GET https://www.nemzeticegtar.hu/ceg-c0101000232.html "HTTP/2 200 OK"
2026-05-04 00:11:24,681 INFO HTTP Request: GET https://www.nemzeticegtar.hu/ceg-c0101000233.html "HTTP/2 200 OK"
2026-05-04 00:11:25,239 INFO HTTP Request: GET https://www.nemzeticegtar.hu/ceg-c0101000234.html "HTTP/2 200 OK"
2026-05-04 00:11:25,933 INFO HTTP Request: GET https://www.nemzeticegtar.hu/ceg-c0101000235.html "HTTP/2 200 OK"
2026-05-04 00:11:26,381 INFO HTTP Request: GET https://www.nemzeticegtar.hu/ceg-c0101000236.html "HTTP/2 200 OK"
2026-05-04 00:11:26,943 INFO HTTP Request: GET https://www.nemzeticegtar.hu/ceg-c0101000237.html "HTTP/2 200 OK"
2026-05-04 00:11:27,508 INFO HTTP Request: GET https://www.nemzeticegtar.hu/ceg-c0101000238.html "HTTP/2 200 OK"
2026-05-04 00:11:28,663 INFO HTTP Request: GET https://www.nemzeticegtar.hu/ceg-c0101000239.html "HTTP/2 200 OK"
2026-05-04 00:11:28,665 INFO HTTP Request: GET https://www.nemzeticegtar.hu/ceg-c0101000240.html "HTTP/2 200 OK"
2026-05-04 00:11:29,288 INFO HTTP Request: GET https://www.nemzeticegtar.hu/ceg-c0101000241.html "HTTP/2 200 OK"
2026-05-04 00:11:29,824 INFO HTTP Request: GET https://www.nemzeticegtar.hu/ceg-c0101000242.html "HTTP/2 200 OK"
2026-05-04 00:11:31,643 INFO HTTP Request: GET https://www.nemzeticegtar.hu/ceg-c0101000243.html "HTTP/2 200 OK"
2026-05-04 00:11:31,645 INFO HTTP Request: GET https://www.nemzeticegtar.hu/ceg-c0101000244.html "HTTP/2 200 OK"
2026-05-04 00:11:31,744 INFO HTTP Request: GET https://www.nemzeticegtar.hu/ceg-c0101000245.html "HTTP/2 200 OK"
2026-05-04 00:11:32,116 INFO HTTP Request: GET https://www.nemzeticegtar.hu/ceg-c0101000246.html "HTTP/2 200 OK"
2026-05-04 00:11:33,253 INFO HTTP Request: GET https://www.nemzeticegtar.hu/ceg-c0101000248.html "HTTP/2 200 OK"
2026-05-04 00:11:33,255 INFO HTTP Request: GET https://www.nemzeticegtar.hu/ceg-c0101000247.html "HTTP/2 200 OK"
2026-05-04 00:11:33,823 INFO HTTP Request: GET https://www.nemzeticegtar.hu/ceg-c0101000249.html "HTTP/2 200 OK"
2026-05-04 00:11:35,023 INFO HTTP Request: GET https://www.nemzeticegtar.hu/ceg-c0101000250.html "HTTP/2 200 OK"
2026-05-04 00:11:35,541 INFO HTTP Request: GET https://www.nemzeticegtar.hu/ceg-c0101000251.html "HTTP/2 200 OK"
2026-05-04 00:11:35,544 INFO HTTP Request: GET https://www.nemzeticegtar.hu/ceg-c0101000252.html "HTTP/2 200 OK"
2026-05-04 00:11:36,078 INFO HTTP Request: GET https://www.nemzeticegtar.hu/ceg-c0101000253.html "HTTP/2 200 OK"
2026-05-04 00:11:36,668 INFO HTTP Request: GET https://www.nemzeticegtar.hu/ceg-c0101000254.html "HTTP/2 200 OK"
2026-05-04 00:11:37,249 INFO HTTP Request: GET https://www.nemzeticegtar.hu/ceg-c0101000255.html "HTTP/2 200 OK"
2026-05-04 00:11:38,511 INFO HTTP Request: GET https://www.nemzeticegtar.hu/ceg-c0101000256.html "HTTP/2 200 OK"
2026-05-04 00:11:38,513 INFO HTTP Request: GET https://www.nemzeticegtar.hu/ceg-c0101000257.html "HTTP/2 200 OK"
2026-05-04 00:11:39,017 INFO HTTP Request: GET https://www.nemzeticegtar.hu/ceg-c0101000258.html "HTTP/2 200 OK"
2026-05-04 00:11:39,632 INFO HTTP Request: GET https://www.nemzeticegtar.hu/ceg-c0101000259.html "HTTP/2 200 OK"
2026-05-04 00:11:40,126 INFO HTTP Request: GET https://www.nemzeticegtar.hu/ceg-c0101000261.html "HTTP/2 200 OK"
2026-05-04 00:11:40,759 INFO HTTP Request: GET https://www.nemzeticegtar.hu/ceg-c0101000260.html "HTTP/2 200 OK"
2026-05-04 00:11:41,261 INFO HTTP Request: GET https://www.nemzeticegtar.hu/ceg-c0101000262.html "HTTP/2 200 OK"
2026-05-04 00:11:41,848 INFO HTTP Request: GET https://www.nemzeticegtar.hu/ceg-c0101000263.html "HTTP/2 200 OK"
2026-05-04 00:11:42,588 INFO HTTP Request: GET https://www.nemzeticegtar.hu/ceg-c0101000264.html "HTTP/2 200 OK"
2026-05-04 00:11:43,057 INFO HTTP Request: GET https://www.nemzeticegtar.hu/ceg-c0101000265.html "HTTP/2 200 OK"
2026-05-04 00:11:43,432 INFO HTTP Request: GET https://www.nemzeticegtar.hu/ceg-c0101000266.html "HTTP/2 200 OK"
2026-05-04 00:11:44,137 INFO HTTP Request: GET https://www.nemzeticegtar.hu/ceg-c0101000267.html "HTTP/2 200 OK"
2026-05-04 00:11:44,427 INFO HTTP Request: GET https://www.nemzeticegtar.hu/ceg-c0101000268.html "HTTP/2 200 OK"
2026-05-04 00:11:45,261 INFO HTTP Request: GET https://www.nemzeticegtar.hu/ceg-c0101000269.html "HTTP/2 200 OK"
2026-05-04 00:11:45,262 INFO HTTP Request: GET https://www.nemzeticegtar.hu/ceg-c0101000270.html "HTTP/2 200 OK"
2026-05-04 00:11:45,522 INFO HTTP Request: GET https://www.nemzeticegtar.hu/ceg-c0101000271.html "HTTP/2 200 OK"
2026-05-04 00:11:45,911 INFO HTTP Request: GET https://www.nemzeticegtar.hu/ceg-c0101000272.html "HTTP/2 200 OK"
2026-05-04 00:11:46,287 INFO HTTP Request: GET https://www.nemzeticegtar.hu/ceg-c0101000273.html "HTTP/2 200 OK"
2026-05-04 00:11:46,616 INFO HTTP Request: GET https://www.nemzeticegtar.hu/ceg-c0101000274.html "HTTP/2 200 OK"
2026-05-04 00:11:46,984 INFO HTTP Request: GET https://www.nemzeticegtar.hu/ceg-c0101000275.html "HTTP/2 200 OK"
2026-05-04 00:11:47,347 INFO HTTP Request: GET https://www.nemzeticegtar.hu/ceg-c0101000276.html "HTTP/2 200 OK"
2026-05-04 00:11:47,891 INFO HTTP Request: GET https://www.nemzeticegtar.hu/ceg-c0101000277.html "HTTP/2 200 OK"
2026-05-04 00:11:48,660 INFO HTTP Request: GET https://www.nemzeticegtar.hu/ceg-c0101000278.html "HTTP/2 200 OK"
2026-05-04 00:11:49,053 INFO HTTP Request: GET https://www.nemzeticegtar.hu/ceg-c0101000280.html "HTTP/2 200 OK"
2026-05-04 00:11:49,411 INFO HTTP Request: GET https://www.nemzeticegtar.hu/ceg-c0101000279.html "HTTP/2 200 OK"
2026-05-04 00:11:49,785 INFO HTTP Request: GET https://www.nemzeticegtar.hu/ceg-c0101000281.html "HTTP/2 200 OK"
2026-05-04 00:11:50,187 INFO HTTP Request: GET https://www.nemzeticegtar.hu/ceg-c0101000282.html "HTTP/2 200 OK"
2026-05-04 00:11:50,597 INFO HTTP Request: GET https://www.nemzeticegtar.hu/ceg-c0101000283.html "HTTP/2 200 OK"
2026-05-04 00:11:51,275 INFO HTTP Request: GET https://www.nemzeticegtar.hu/ceg-c0101000284.html "HTTP/2 200 OK"
2026-05-04 00:11:52,020 INFO HTTP Request: GET https://www.nemzeticegtar.hu/ceg-c0101000285.html "HTTP/2 200 OK"
2026-05-04 00:11:52,022 INFO HTTP Request: GET https://www.nemzeticegtar.hu/ceg-c0101000286.html "HTTP/2 200 OK"
2026-05-04 00:11:52,364 INFO HTTP Request: GET https://www.nemzeticegtar.hu/ceg-c0101000287.html "HTTP/2 200 OK"
2026-05-04 00:11:52,737 INFO HTTP Request: GET https://www.nemzeticegtar.hu/ceg-c0101000288.html "HTTP/2 200 OK"
2026-05-04 00:11:53,151 INFO HTTP Request: GET https://www.nemzeticegtar.hu/ceg-c0101000289.html "HTTP/2 200 OK"
2026-05-04 00:11:53,487 INFO HTTP Request: GET https://www.nemzeticegtar.hu/ceg-c0101000290.html "HTTP/2 200 OK"
2026-05-04 00:11:53,835 INFO HTTP Request: GET https://www.nemzeticegtar.hu/ceg-c0101000291.html "HTTP/2 200 OK"
2026-05-04 00:11:54,459 INFO HTTP Request: GET https://www.nemzeticegtar.hu/ceg-c0101000292.html "HTTP/2 200 OK"
2026-05-04 00:11:55,055 INFO HTTP Request: GET https://www.nemzeticegtar.hu/ceg-c0101000293.html "HTTP/2 200 OK"
2026-05-04 00:11:55,407 INFO HTTP Request: GET https://www.nemzeticegtar.hu/ceg-c0101000294.html "HTTP/2 200 OK"
2026-05-04 00:11:55,816 INFO HTTP Request: GET https://www.nemzeticegtar.hu/ceg-c0101000295.html "HTTP/2 200 OK"
2026-05-04 00:11:56,225 INFO HTTP Request: GET https://www.nemzeticegtar.hu/ceg-c0101000296.html "HTTP/2 200 OK"
2026-05-04 00:11:56,495 INFO HTTP Request: GET https://www.nemzeticegtar.hu/ceg-c0101000297.html "HTTP/2 200 OK"
2026-05-04 00:11:56,861 INFO HTTP Request: GET https://www.nemzeticegtar.hu/ceg-c0101000298.html "HTTP/2 200 OK"
2026-05-04 00:11:57,740 INFO HTTP Request: GET https://www.nemzeticegtar.hu/ceg-c0101000299.html "HTTP/2 200 OK"
2026-05-04 00:11:58,477 INFO HTTP Request: GET https://www.nemzeticegtar.hu/ceg-c0101000300.html "HTTP/2 200 OK"
2026-05-04 00:11:58,770 INFO HTTP Request: GET https://www.nemzeticegtar.hu/ceg-c0101000302.html "HTTP/2 200 OK"
2026-05-04 00:11:59,192 INFO HTTP Request: GET https://www.nemzeticegtar.hu/ceg-c0101000301.html "HTTP/2 200 OK"
2026-05-04 00:11:59,492 INFO HTTP Request: GET https://www.nemzeticegtar.hu/ceg-c0101000303.html "HTTP/2 200 OK"
2026-05-04 00:11:59,871 INFO HTTP Request: GET https://www.nemzeticegtar.hu/ceg-c0101000304.html "HTTP/2 200 OK"
2026-05-04 00:12:00,231 INFO HTTP Request: GET https://www.nemzeticegtar.hu/ceg-c0101000305.html "HTTP/2 200 OK"
2026-05-04 00:12:00,623 INFO HTTP Request: GET https://www.nemzeticegtar.hu/ceg-c0101000306.html "HTTP/2 200 OK"
2026-05-04 00:12:00,992 INFO HTTP Request: GET https://www.nemzeticegtar.hu/ceg-c0101000307.html "HTTP/2 200 OK"
2026-05-04 00:12:01,403 INFO HTTP Request: GET https://www.nemzeticegtar.hu/ceg-c0101000308.html "HTTP/2 200 OK"
2026-05-04 00:12:01,953 INFO HTTP Request: GET https://www.nemzeticegtar.hu/ceg-c0101000309.html "HTTP/2 200 OK"
2026-05-04 00:12:02,673 INFO HTTP Request: GET https://www.nemzeticegtar.hu/ceg-c0101000310.html "HTTP/2 200 OK"
2026-05-04 00:12:02,676 INFO HTTP Request: GET https://www.nemzeticegtar.hu/ceg-c0101000311.html "HTTP/2 200 OK"
2026-05-04 00:12:03,079 INFO HTTP Request: GET https://www.nemzeticegtar.hu/ceg-c0101000312.html "HTTP/2 200 OK"
2026-05-04 00:12:04,332 INFO HTTP Request: GET https://www.nemzeticegtar.hu/ceg-c0101000313.html "HTTP/2 200 OK"
2026-05-04 00:12:04,823 INFO HTTP Request: GET https://www.nemzeticegtar.hu/ceg-c0101000314.html "HTTP/2 200 OK"
2026-05-04 00:12:05,231 INFO HTTP Request: GET https://www.nemzeticegtar.hu/ceg-c0101000315.html "HTTP/2 200 OK"
2026-05-04 00:12:05,648 INFO HTTP Request: GET https://www.nemzeticegtar.hu/ceg-c0101000316.html "HTTP/2 200 OK"
2026-05-04 00:12:05,974 INFO HTTP Request: GET https://www.nemzeticegtar.hu/ceg-c0101000318.html "HTTP/2 200 OK"
2026-05-04 00:12:06,363 INFO HTTP Request: GET https://www.nemzeticegtar.hu/ceg-c0101000317.html "HTTP/2 200 OK"
2026-05-04 00:12:06,873 INFO HTTP Request: GET https://www.nemzeticegtar.hu/ceg-c0101000319.html "HTTP/2 200 OK"
2026-05-04 00:12:07,072 INFO HTTP Request: GET https://www.nemzeticegtar.hu/ceg-c0101000320.html "HTTP/2 200 OK"
2026-05-04 00:12:07,692 INFO HTTP Request: GET https://www.nemzeticegtar.hu/ceg-c0101000321.html "HTTP/2 200 OK"
2026-05-04 00:12:08,005 INFO HTTP Request: GET https://www.nemzeticegtar.hu/ceg-c0101000322.html "HTTP/2 200 OK"
2026-05-04 00:12:08,404 INFO HTTP Request: GET https://www.nemzeticegtar.hu/ceg-c0101000323.html "HTTP/2 200 OK"
2026-05-04 00:12:09,336 INFO HTTP Request: GET https://www.nemzeticegtar.hu/ceg-c0101000324.html "HTTP/2 200 OK"
2026-05-04 00:12:10,075 INFO HTTP Request: GET https://www.nemzeticegtar.hu/ceg-c0101000325.html "HTTP/2 200 OK"
2026-05-04 00:12:10,424 INFO HTTP Request: GET https://www.nemzeticegtar.hu/ceg-c0101000326.html "HTTP/2 200 OK"
2026-05-04 00:12:10,426 INFO HTTP Request: GET https://www.nemzeticegtar.hu/ceg-c0101000327.html "HTTP/2 200 OK"
2026-05-04 00:12:10,788 INFO HTTP Request: GET https://www.nemzeticegtar.hu/ceg-c0101000328.html "HTTP/2 200 OK"
2026-05-04 00:12:11,147 INFO HTTP Request: GET https://www.nemzeticegtar.hu/ceg-c0101000329.html "HTTP/2 200 OK"
2026-05-04 00:12:11,512 INFO HTTP Request: GET https://www.nemzeticegtar.hu/ceg-c0101000330.html "HTTP/2 200 OK"
2026-05-04 00:12:11,881 INFO HTTP Request: GET https://www.nemzeticegtar.hu/ceg-c0101000331.html "HTTP/2 200 OK"
2026-05-04 00:12:12,243 INFO HTTP Request: GET https://www.nemzeticegtar.hu/ceg-c0101000332.html "HTTP/2 200 OK"
2026-05-04 00:12:13,782 INFO HTTP Request: GET https://www.nemzeticegtar.hu/ceg-c0101000334.html "HTTP/2 200 OK"
2026-05-04 00:12:14,144 INFO HTTP Request: GET https://www.nemzeticegtar.hu/ceg-c0101000333.html "HTTP/2 200 OK"
2026-05-04 00:12:15,265 INFO HTTP Request: GET https://www.nemzeticegtar.hu/ceg-c0101000335.html "HTTP/2 200 OK"
2026-05-04 00:12:15,698 INFO HTTP Request: GET https://www.nemzeticegtar.hu/ceg-c0101000336.html "HTTP/2 200 OK"
2026-05-04 00:12:15,700 INFO HTTP Request: GET https://www.nemzeticegtar.hu/ceg-c0101000337.html "HTTP/2 200 OK"
2026-05-04 00:12:15,703 INFO HTTP Request: GET https://www.nemzeticegtar.hu/ceg-c0101000338.html "HTTP/2 200 OK"
2026-05-04 00:12:15,988 INFO HTTP Request: GET https://www.nemzeticegtar.hu/ceg-c0101000339.html "HTTP/2 200 OK"
2026-05-04 00:12:16,393 INFO HTTP Request: GET https://www.nemzeticegtar.hu/ceg-c0101000340.html "HTTP/2 200 OK"
2026-05-04 00:12:16,812 INFO HTTP Request: GET https://www.nemzeticegtar.hu/ceg-c0101000341.html "HTTP/2 200 OK"
2026-05-04 00:12:17,521 INFO HTTP Request: GET https://www.nemzeticegtar.hu/ceg-c0101000342.html "HTTP/2 200 OK"
2026-05-04 00:12:18,270 INFO HTTP Request: GET https://www.nemzeticegtar.hu/ceg-c0101000343.html "HTTP/2 200 OK"
2026-05-04 00:12:18,646 INFO HTTP Request: GET https://www.nemzeticegtar.hu/ceg-c0101000344.html "HTTP/2 200 OK"
2026-05-04 00:12:19,040 INFO HTTP Request: GET https://www.nemzeticegtar.hu/ceg-c0101000345.html "HTTP/2 200 OK"
2026-05-04 00:12:19,463 INFO HTTP Request: GET https://www.nemzeticegtar.hu/ceg-c0101000346.html "HTTP/2 200 OK"
2026-05-04 00:12:20,180 INFO HTTP Request: GET https://www.nemzeticegtar.hu/ceg-c0101000347.html "HTTP/2 200 OK"
2026-05-04 00:12:20,182 INFO HTTP Request: GET https://www.nemzeticegtar.hu/ceg-c0101000348.html "HTTP/2 200 OK"
2026-05-04 00:12:20,488 INFO HTTP Request: GET https://www.nemzeticegtar.hu/ceg-c0101000349.html "HTTP/2 200 OK"
2026-05-04 00:12:21,003 INFO HTTP Request: GET https://www.nemzeticegtar.hu/ceg-c0101000350.html "HTTP/2 200 OK"
2026-05-04 00:12:21,309 INFO HTTP Request: GET https://www.nemzeticegtar.hu/ceg-c0101000351.html "HTTP/2 200 OK"
2026-05-04 00:12:21,783 INFO HTTP Request: GET https://www.nemzeticegtar.hu/ceg-c0101000352.html "HTTP/2 200 OK"
2026-05-04 00:12:22,803 INFO HTTP Request: GET https://www.nemzeticegtar.hu/ceg-c0101000353.html "HTTP/2 200 OK"
2026-05-04 00:12:23,253 INFO HTTP Request: GET https://www.nemzeticegtar.hu/ceg-c0101000354.html "HTTP/2 200 OK"
2026-05-04 00:12:23,530 INFO HTTP Request: GET https://www.nemzeticegtar.hu/ceg-c0101000355.html "HTTP/2 200 OK"
2026-05-04 00:12:23,897 INFO HTTP Request: GET https://www.nemzeticegtar.hu/ceg-c0101000356.html "HTTP/2 200 OK"
2026-05-04 00:12:24,304 INFO HTTP Request: GET https://www.nemzeticegtar.hu/ceg-c0101000357.html "HTTP/2 200 OK"
2026-05-04 00:12:24,685 INFO HTTP Request: GET https://www.nemzeticegtar.hu/ceg-c0101000358.html "HTTP/2 200 OK"
2026-05-04 00:12:25,289 INFO HTTP Request: GET https://www.nemzeticegtar.hu/ceg-c0101000359.html "HTTP/2 200 OK"
2026-05-04 00:12:25,714 INFO HTTP Request: GET https://www.nemzeticegtar.hu/ceg-c0101000360.html "HTTP/2 200 OK"
2026-05-04 00:12:26,004 INFO HTTP Request: GET https://www.nemzeticegtar.hu/ceg-c0101000361.html "HTTP/2 200 OK"
2026-05-04 00:12:26,372 INFO HTTP Request: GET https://www.nemzeticegtar.hu/ceg-c0101000362.html "HTTP/2 200 OK"
2026-05-04 00:12:26,743 INFO HTTP Request: GET https://www.nemzeticegtar.hu/ceg-c0101000363.html "HTTP/2 200 OK"
2026-05-04 00:12:27,246 INFO HTTP Request: GET https://www.nemzeticegtar.hu/ceg-c0101000364.html "HTTP/2 200 OK"
2026-05-04 00:12:27,555 INFO HTTP Request: GET https://www.nemzeticegtar.hu/ceg-c0101000365.html "HTTP/2 200 OK"
2026-05-04 00:12:27,963 INFO HTTP Request: GET https://www.nemzeticegtar.hu/ceg-c0101000366.html "HTTP/2 200 OK"
2026-05-04 00:12:28,377 INFO HTTP Request: GET https://www.nemzeticegtar.hu/ceg-c0101000367.html "HTTP/2 200 OK"
2026-05-04 00:12:28,693 INFO HTTP Request: GET https://www.nemzeticegtar.hu/ceg-c0101000368.html "HTTP/2 200 OK"
2026-05-04 00:12:29,043 INFO HTTP Request: GET https://www.nemzeticegtar.hu/ceg-c0101000369.html "HTTP/2 200 OK"
2026-05-04 00:12:29,641 INFO HTTP Request: GET https://www.nemzeticegtar.hu/ceg-c0101000370.html "HTTP/2 200 OK"
2026-05-04 00:12:30,113 INFO HTTP Request: GET https://www.nemzeticegtar.hu/ceg-c0101000371.html "HTTP/2 200 OK"
2026-05-04 00:12:30,419 INFO HTTP Request: GET https://www.nemzeticegtar.hu/ceg-c0101000372.html "HTTP/2 200 OK"
2026-05-04 00:12:31,239 INFO HTTP Request: GET https://www.nemzeticegtar.hu/ceg-c0101000373.html "HTTP/2 200 OK"
2026-05-04 00:12:31,649 INFO HTTP Request: GET https://www.nemzeticegtar.hu/ceg-c0101000374.html "HTTP/2 200 OK"
2026-05-04 00:12:31,925 INFO HTTP Request: GET https://www.nemzeticegtar.hu/ceg-c0101000375.html "HTTP/2 200 OK"
2026-05-04 00:12:32,561 INFO HTTP Request: GET https://www.nemzeticegtar.hu/ceg-c0101000376.html "HTTP/2 200 OK"
2026-05-04 00:12:32,963 INFO HTTP Request: GET https://www.nemzeticegtar.hu/ceg-c0101000377.html "HTTP/2 200 OK"
2026-05-04 00:12:33,384 INFO HTTP Request: GET https://www.nemzeticegtar.hu/ceg-c0101000378.html "HTTP/2 200 OK"
2026-05-04 00:12:34,251 INFO HTTP Request: GET https://www.nemzeticegtar.hu/ceg-c0101000380.html "HTTP/2 200 OK"
2026-05-04 00:12:34,254 INFO HTTP Request: GET https://www.nemzeticegtar.hu/ceg-c0101000379.html "HTTP/2 200 OK"
2026-05-04 00:12:34,456 INFO HTTP Request: GET https://www.nemzeticegtar.hu/ceg-c0101000381.html "HTTP/2 200 OK"
2026-05-04 00:12:35,329 INFO HTTP Request: GET https://www.nemzeticegtar.hu/ceg-c0101000383.html "HTTP/2 200 OK"
2026-05-04 00:12:35,760 INFO HTTP Request: GET https://www.nemzeticegtar.hu/ceg-c0101000382.html "HTTP/2 200 OK"
2026-05-04 00:12:36,145 INFO HTTP Request: GET https://www.nemzeticegtar.hu/ceg-c0101000384.html "HTTP/2 200 OK"
2026-05-04 00:12:36,923 INFO HTTP Request: GET https://www.nemzeticegtar.hu/ceg-c0101000385.html "HTTP/2 200 OK"
2026-05-04 00:12:36,924 INFO HTTP Request: GET https://www.nemzeticegtar.hu/ceg-c0101000386.html "HTTP/2 200 OK"
2026-05-04 00:12:37,583 INFO HTTP Request: GET https://www.nemzeticegtar.hu/ceg-c0101000387.html "HTTP/2 200 OK"
2026-05-04 00:12:37,585 INFO HTTP Request: GET https://www.nemzeticegtar.hu/ceg-c0101000388.html "HTTP/2 200 OK"
2026-05-04 00:12:37,948 INFO HTTP Request: GET https://www.nemzeticegtar.hu/ceg-c0101000389.html "HTTP/2 200 OK"
2026-05-04 00:12:38,308 INFO HTTP Request: GET https://www.nemzeticegtar.hu/ceg-c0101000390.html "HTTP/2 200 OK"
2026-05-04 00:12:38,808 INFO HTTP Request: GET https://www.nemzeticegtar.hu/ceg-c0101000391.html "HTTP/2 200 OK"
2026-05-04 00:12:39,611 INFO HTTP Request: GET https://www.nemzeticegtar.hu/ceg-c0101000392.html "HTTP/2 200 OK"
2026-05-04 00:12:40,237 INFO HTTP Request: GET https://www.nemzeticegtar.hu/ceg-c0101000393.html "HTTP/2 200 OK"
2026-05-04 00:12:40,714 INFO HTTP Request: GET https://www.nemzeticegtar.hu/ceg-c0101000394.html "HTTP/2 200 OK"
2026-05-04 00:12:41,068 INFO HTTP Request: GET https://www.nemzeticegtar.hu/ceg-c0101000395.html "HTTP/2 200 OK"
2026-05-04 00:12:41,443 INFO HTTP Request: GET https://www.nemzeticegtar.hu/ceg-c0101000396.html "HTTP/2 200 OK"
2026-05-04 00:12:41,827 INFO HTTP Request: GET https://www.nemzeticegtar.hu/ceg-c0101000397.html "HTTP/2 200 OK"
2026-05-04 00:12:42,181 INFO HTTP Request: GET https://www.nemzeticegtar.hu/ceg-c0101000398.html "HTTP/2 200 OK"
2026-05-04 00:12:42,540 INFO HTTP Request: GET https://www.nemzeticegtar.hu/ceg-c0101000399.html "HTTP/2 200 OK"
2026-05-04 00:12:42,918 INFO HTTP Request: GET https://www.nemzeticegtar.hu/ceg-c0101000400.html "HTTP/2 200 OK"
2026-05-04 00:12:43,430 INFO HTTP Request: GET https://www.nemzeticegtar.hu/ceg-c0101000401.html "HTTP/2 200 OK"
2026-05-04 00:12:43,817 INFO HTTP Request: GET https://www.nemzeticegtar.hu/ceg-c0101000402.html "HTTP/2 200 OK"
2026-05-04 00:12:44,182 INFO HTTP Request: GET https://www.nemzeticegtar.hu/ceg-c0101000403.html "HTTP/2 200 OK"
2026-05-04 00:12:44,538 INFO HTTP Request: GET https://www.nemzeticegtar.hu/ceg-c0101000404.html "HTTP/2 200 OK"
2026-05-04 00:12:45,387 INFO HTTP Request: GET https://www.nemzeticegtar.hu/ceg-c0101000405.html "HTTP/2 200 OK"
2026-05-04 00:12:45,750 INFO HTTP Request: GET https://www.nemzeticegtar.hu/ceg-c0101000406.html "HTTP/2 200 OK"
2026-05-04 00:12:46,161 INFO HTTP Request: GET https://www.nemzeticegtar.hu/ceg-c0101000407.html "HTTP/2 200 OK"
2026-05-04 00:12:46,846 INFO HTTP Request: GET https://www.nemzeticegtar.hu/ceg-c0101000409.html "HTTP/2 200 OK"
2026-05-04 00:12:47,182 INFO HTTP Request: GET https://www.nemzeticegtar.hu/ceg-c0101000408.html "HTTP/2 200 OK"
2026-05-04 00:12:47,630 INFO HTTP Request: GET https://www.nemzeticegtar.hu/ceg-c0101000410.html "HTTP/2 200 OK"
2026-05-04 00:12:47,932 INFO HTTP Request: GET https://www.nemzeticegtar.hu/ceg-c0101000411.html "HTTP/2 200 OK"
2026-05-04 00:12:48,386 INFO HTTP Request: GET https://www.nemzeticegtar.hu/ceg-c0101000412.html "HTTP/2 200 OK"
2026-05-04 00:12:48,852 INFO HTTP Request: GET https://www.nemzeticegtar.hu/ceg-c0101000413.html "HTTP/2 200 OK"
2026-05-04 00:12:49,160 INFO HTTP Request: GET https://www.nemzeticegtar.hu/ceg-c0101000414.html "HTTP/2 200 OK"
2026-05-04 00:12:49,476 INFO HTTP Request: GET https://www.nemzeticegtar.hu/ceg-c0101000415.html "HTTP/2 200 OK"
2026-05-04 00:12:49,977 INFO HTTP Request: GET https://www.nemzeticegtar.hu/ceg-c0101000416.html "HTTP/2 200 OK"
2026-05-04 00:12:50,289 INFO HTTP Request: GET https://www.nemzeticegtar.hu/ceg-c0101000417.html "HTTP/2 200 OK"
2026-05-04 00:12:50,811 INFO HTTP Request: GET https://www.nemzeticegtar.hu/ceg-c0101000418.html "HTTP/2 200 OK"
2026-05-04 00:12:51,104 INFO HTTP Request: GET https://www.nemzeticegtar.hu/ceg-c0101000419.html "HTTP/2 200 OK"
2026-05-04 00:12:52,147 INFO HTTP Request: GET https://www.nemzeticegtar.hu/ceg-c0101000420.html "HTTP/2 200 OK"
2026-05-04 00:12:52,540 INFO HTTP Request: GET https://www.nemzeticegtar.hu/ceg-c0101000421.html "HTTP/2 200 OK"
2026-05-04 00:12:52,867 INFO HTTP Request: GET https://www.nemzeticegtar.hu/ceg-c0101000422.html "HTTP/2 200 OK"
2026-05-04 00:12:53,253 INFO HTTP Request: GET https://www.nemzeticegtar.hu/ceg-c0101000423.html "HTTP/2 200 OK"
2026-05-04 00:12:53,579 INFO HTTP Request: GET https://www.nemzeticegtar.hu/ceg-c0101000424.html "HTTP/2 200 OK"
2026-05-04 00:12:53,971 INFO HTTP Request: GET https://www.nemzeticegtar.hu/ceg-c0101000425.html "HTTP/2 200 OK"
2026-05-04 00:12:54,334 INFO HTTP Request: GET https://www.nemzeticegtar.hu/ceg-c0101000426.html "HTTP/2 200 OK"
2026-05-04 00:12:54,929 INFO HTTP Request: GET https://www.nemzeticegtar.hu/ceg-c0101000427.html "HTTP/2 200 OK"
2026-05-04 00:12:55,411 INFO HTTP Request: GET https://www.nemzeticegtar.hu/ceg-c0101000428.html "HTTP/2 200 OK"
2026-05-04 00:12:55,717 INFO HTTP Request: GET https://www.nemzeticegtar.hu/ceg-c0101000429.html "HTTP/2 200 OK"
2026-05-04 00:12:56,473 INFO HTTP Request: GET https://www.nemzeticegtar.hu/ceg-c0101000430.html "HTTP/2 200 OK"
2026-05-04 00:12:56,944 INFO HTTP Request: GET https://www.nemzeticegtar.hu/ceg-c0101000431.html "HTTP/2 200 OK"
2026-05-04 00:12:57,200 INFO HTTP Request: GET https://www.nemzeticegtar.hu/ceg-c0101000432.html "HTTP/2 200 OK"
2026-05-04 00:12:57,697 INFO HTTP Request: GET https://www.nemzeticegtar.hu/ceg-c0101000433.html "HTTP/2 200 OK"
2026-05-04 00:12:58,172 INFO HTTP Request: GET https://www.nemzeticegtar.hu/ceg-c0101000434.html "HTTP/2 200 OK"
2026-05-04 00:12:58,486 INFO HTTP Request: GET https://www.nemzeticegtar.hu/ceg-c0101000435.html "HTTP/2 200 OK"
2026-05-04 00:12:58,887 INFO HTTP Request: GET https://www.nemzeticegtar.hu/ceg-c0101000436.html "HTTP/2 200 OK"
2026-05-04 00:12:59,653 INFO HTTP Request: GET https://www.nemzeticegtar.hu/ceg-c0101000437.html "HTTP/2 200 OK"
2026-05-04 00:13:00,415 INFO HTTP Request: GET https://www.nemzeticegtar.hu/ceg-c0101000438.html "HTTP/2 200 OK"
2026-05-04 00:13:00,730 INFO HTTP Request: GET https://www.nemzeticegtar.hu/ceg-c0101000439.html "HTTP/2 200 OK"
2026-05-04 00:13:00,731 INFO HTTP Request: GET https://www.nemzeticegtar.hu/ceg-c0101000440.html "HTTP/2 200 OK"
2026-05-04 00:13:01,094 INFO HTTP Request: GET https://www.nemzeticegtar.hu/ceg-c0101000441.html "HTTP/2 200 OK"
2026-05-04 00:13:01,522 INFO HTTP Request: GET https://www.nemzeticegtar.hu/ceg-c0101000442.html "HTTP/2 200 OK"
2026-05-04 00:13:01,861 INFO HTTP Request: GET https://www.nemzeticegtar.hu/ceg-c0101000443.html "HTTP/2 200 OK"
2026-05-04 00:13:02,350 INFO HTTP Request: GET https://www.nemzeticegtar.hu/ceg-c0101000444.html "HTTP/2 200 OK"
2026-05-04 00:13:03,392 INFO HTTP Request: GET https://www.nemzeticegtar.hu/ceg-c0101000445.html "HTTP/2 200 OK"
2026-05-04 00:13:03,801 INFO HTTP Request: GET https://www.nemzeticegtar.hu/ceg-c0101000446.html "HTTP/2 200 OK"
2026-05-04 00:13:04,425 INFO HTTP Request: GET https://www.nemzeticegtar.hu/ceg-c0101000447.html "HTTP/2 200 OK"
2026-05-04 00:13:04,826 INFO HTTP Request: GET https://www.nemzeticegtar.hu/ceg-c0101000448.html "HTTP/2 200 OK"
2026-05-04 00:13:05,237 INFO HTTP Request: GET https://www.nemzeticegtar.hu/ceg-c0101000449.html "HTTP/2 200 OK"
2026-05-04 00:13:05,240 INFO HTTP Request: GET https://www.nemzeticegtar.hu/ceg-c0101000450.html "HTTP/2 200 OK"
2026-05-04 00:13:05,543 INFO HTTP Request: GET https://www.nemzeticegtar.hu/ceg-c0101000451.html "HTTP/2 200 OK"
2026-05-04 00:13:05,966 INFO HTTP Request: GET https://www.nemzeticegtar.hu/ceg-c0101000452.html "HTTP/2 200 OK"
2026-05-04 00:13:06,876 INFO HTTP Request: GET https://www.nemzeticegtar.hu/ceg-c0101000453.html "HTTP/2 200 OK"
2026-05-04 00:13:07,250 INFO HTTP Request: GET https://www.nemzeticegtar.hu/ceg-c0101000454.html "HTTP/2 200 OK"
2026-05-04 00:13:08,103 INFO HTTP Request: GET https://www.nemzeticegtar.hu/ceg-c0101000455.html "HTTP/2 200 OK"
2026-05-04 00:13:08,394 INFO HTTP Request: GET https://www.nemzeticegtar.hu/ceg-c0101000456.html "HTTP/2 200 OK"
2026-05-04 00:13:08,905 INFO HTTP Request: GET https://www.nemzeticegtar.hu/ceg-c0101000457.html "HTTP/2 200 OK"
2026-05-04 00:13:09,285 INFO HTTP Request: GET https://www.nemzeticegtar.hu/ceg-c0101000458.html "HTTP/2 200 OK"
2026-05-04 00:13:09,686 INFO HTTP Request: GET https://www.nemzeticegtar.hu/ceg-c0101000459.html "HTTP/2 200 OK"
2026-05-04 00:13:10,048 INFO HTTP Request: GET https://www.nemzeticegtar.hu/ceg-c0101000460.html "HTTP/2 200 OK"
2026-05-04 00:13:10,764 INFO HTTP Request: GET https://www.nemzeticegtar.hu/ceg-c0101000461.html "HTTP/2 200 OK"
2026-05-04 00:13:10,767 INFO HTTP Request: GET https://www.nemzeticegtar.hu/ceg-c0101000462.html "HTTP/2 200 OK"
2026-05-04 00:13:11,082 INFO HTTP Request: GET https://www.nemzeticegtar.hu/ceg-c0101000463.html "HTTP/2 200 OK"
2026-05-04 00:13:11,489 INFO HTTP Request: GET https://www.nemzeticegtar.hu/ceg-c0101000464.html "HTTP/2 200 OK"
2026-05-04 00:13:11,799 INFO HTTP Request: GET https://www.nemzeticegtar.hu/ceg-c0101000465.html "HTTP/2 200 OK"
2026-05-04 00:13:12,456 INFO HTTP Request: GET https://www.nemzeticegtar.hu/ceg-c0101000466.html "HTTP/2 200 OK"
2026-05-04 00:13:13,303 INFO HTTP Request: GET https://www.nemzeticegtar.hu/ceg-c0101000467.html "HTTP/2 200 OK"
2026-05-04 00:13:13,636 INFO HTTP Request: GET https://www.nemzeticegtar.hu/ceg-c0101000468.html "HTTP/2 200 OK"
2026-05-04 00:13:13,996 INFO HTTP Request: GET https://www.nemzeticegtar.hu/ceg-c0101000469.html "HTTP/2 200 OK"
2026-05-04 00:13:14,451 INFO HTTP Request: GET https://www.nemzeticegtar.hu/ceg-c0101000470.html "HTTP/2 200 OK"
2026-05-04 00:13:14,708 INFO HTTP Request: GET https://www.nemzeticegtar.hu/ceg-c0101000471.html "HTTP/2 200 OK"
2026-05-04 00:13:15,169 INFO HTTP Request: GET https://www.nemzeticegtar.hu/ceg-c0101000472.html "HTTP/2 200 OK"
2026-05-04 00:13:15,448 INFO HTTP Request: GET https://www.nemzeticegtar.hu/ceg-c0101000473.html "HTTP/2 200 OK"
2026-05-04 00:13:16,104 INFO HTTP Request: GET https://www.nemzeticegtar.hu/ceg-c0101000474.html "HTTP/2 200 OK"
2026-05-04 00:13:16,674 INFO HTTP Request: GET https://www.nemzeticegtar.hu/ceg-c0101000475.html "HTTP/2 200 OK"
2026-05-04 00:13:17,037 INFO HTTP Request: GET https://www.nemzeticegtar.hu/ceg-c0101000476.html "HTTP/2 200 OK"
2026-05-04 00:13:17,421 INFO HTTP Request: GET https://www.nemzeticegtar.hu/ceg-c0101000477.html "HTTP/2 200 OK"
2026-05-04 00:13:17,750 INFO HTTP Request: GET https://www.nemzeticegtar.hu/ceg-c0101000478.html "HTTP/2 200 OK"
2026-05-04 00:13:18,141 INFO HTTP Request: GET https://www.nemzeticegtar.hu/ceg-c0101000479.html "HTTP/2 200 OK"
2026-05-04 00:13:18,553 INFO HTTP Request: GET https://www.nemzeticegtar.hu/ceg-c0101000480.html "HTTP/2 200 OK"
2026-05-04 00:13:18,856 INFO HTTP Request: GET https://www.nemzeticegtar.hu/ceg-c0101000481.html "HTTP/2 200 OK"
2026-05-04 00:13:19,264 INFO HTTP Request: GET https://www.nemzeticegtar.hu/ceg-c0101000482.html "HTTP/2 200 OK"
2026-05-04 00:13:19,673 INFO HTTP Request: GET https://www.nemzeticegtar.hu/ceg-c0101000483.html "HTTP/2 200 OK"
2026-05-04 00:13:20,088 INFO HTTP Request: GET https://www.nemzeticegtar.hu/ceg-c0101000484.html "HTTP/2 200 OK"
2026-05-04 00:13:20,390 INFO HTTP Request: GET https://www.nemzeticegtar.hu/ceg-c0101000485.html "HTTP/2 200 OK"
2026-05-04 00:13:20,903 INFO HTTP Request: GET https://www.nemzeticegtar.hu/ceg-c0101000486.html "HTTP/2 200 OK"
2026-05-04 00:13:21,113 INFO HTTP Request: GET https://www.nemzeticegtar.hu/ceg-c0101000487.html "HTTP/2 200 OK"
2026-05-04 00:13:21,662 INFO HTTP Request: GET https://www.nemzeticegtar.hu/ceg-c0101000488.html "HTTP/2 200 OK"
2026-05-04 00:13:22,694 INFO HTTP Request: GET https://www.nemzeticegtar.hu/ceg-c0101000489.html "HTTP/2 200 OK"
2026-05-04 00:13:23,314 INFO HTTP Request: GET https://www.nemzeticegtar.hu/ceg-c0101000490.html "HTTP/2 200 OK"
2026-05-04 00:13:23,678 INFO HTTP Request: GET https://www.nemzeticegtar.hu/ceg-c0101000491.html "HTTP/2 200 OK"
2026-05-04 00:13:24,390 INFO HTTP Request: GET https://www.nemzeticegtar.hu/ceg-c0101000492.html "HTTP/2 200 OK"
2026-05-04 00:13:25,154 INFO HTTP Request: GET https://www.nemzeticegtar.hu/ceg-c0101000493.html "HTTP/2 200 OK"
2026-05-04 00:13:25,156 INFO HTTP Request: GET https://www.nemzeticegtar.hu/ceg-c0101000494.html "HTTP/2 200 OK"
2026-05-04 00:13:25,159 INFO HTTP Request: GET https://www.nemzeticegtar.hu/ceg-c0101000495.html "HTTP/2 200 OK"
2026-05-04 00:13:25,504 INFO HTTP Request: GET https://www.nemzeticegtar.hu/ceg-c0101000496.html "HTTP/2 200 OK"
2026-05-04 00:13:26,679 INFO HTTP Request: GET https://www.nemzeticegtar.hu/ceg-c0101000497.html "HTTP/2 200 OK"
2026-05-04 00:13:27,045 INFO HTTP Request: GET https://www.nemzeticegtar.hu/ceg-c0101000498.html "HTTP/2 200 OK"
2026-05-04 00:13:27,397 INFO HTTP Request: GET https://www.nemzeticegtar.hu/ceg-c0101000499.html "HTTP/2 200 OK"
2026-05-04 00:13:27,759 INFO HTTP Request: GET https://www.nemzeticegtar.hu/ceg-c0101000500.html "HTTP/2 200 OK"
2026-05-04 00:13:27,794 INFO Progress — saved: 500 | not_found: 0 | failed: 0
2026-05-04 00:13:28,509 INFO HTTP Request: GET https://www.nemzeticegtar.hu/ceg-c0101000501.html "HTTP/2 200 OK"
2026-05-04 00:13:28,873 INFO HTTP Request: GET https://www.nemzeticegtar.hu/ceg-c0101000502.html "HTTP/2 200 OK"
2026-05-04 00:13:29,224 INFO HTTP Request: GET https://www.nemzeticegtar.hu/ceg-c0101000503.html "HTTP/2 200 OK"
2026-05-04 00:13:29,944 INFO HTTP Request: GET https://www.nemzeticegtar.hu/ceg-c0101000504.html "HTTP/2 200 OK"
2026-05-04 00:13:30,304 INFO HTTP Request: GET https://www.nemzeticegtar.hu/ceg-c0101000505.html "HTTP/2 200 OK"
2026-05-04 00:13:30,307 INFO HTTP Request: GET https://www.nemzeticegtar.hu/ceg-c0101000506.html "HTTP/2 200 OK"
2026-05-04 00:13:30,669 INFO HTTP Request: GET https://www.nemzeticegtar.hu/ceg-c0101000507.html "HTTP/2 200 OK"
2026-05-04 00:13:31,245 INFO HTTP Request: GET https://www.nemzeticegtar.hu/ceg-c0101000508.html "HTTP/2 200 OK"
2026-05-04 00:13:32,173 INFO HTTP Request: GET https://www.nemzeticegtar.hu/ceg-c0101000509.html "HTTP/2 200 OK"
2026-05-04 00:13:32,525 INFO HTTP Request: GET https://www.nemzeticegtar.hu/ceg-c0101000510.html "HTTP/2 200 OK"
2026-05-04 00:13:32,884 INFO HTTP Request: GET https://www.nemzeticegtar.hu/ceg-c0101000511.html "HTTP/2 200 OK"
2026-05-04 00:13:33,237 INFO HTTP Request: GET https://www.nemzeticegtar.hu/ceg-c0101000512.html "HTTP/2 200 OK"
2026-05-04 00:13:33,692 INFO HTTP Request: GET https://www.nemzeticegtar.hu/ceg-c0101000513.html "HTTP/2 200 OK"
2026-05-04 00:13:33,964 INFO HTTP Request: GET https://www.nemzeticegtar.hu/ceg-c0101000514.html "HTTP/2 200 OK"
2026-05-04 00:13:34,326 INFO HTTP Request: GET https://www.nemzeticegtar.hu/ceg-c0101000515.html "HTTP/2 200 OK"
2026-05-04 00:13:34,726 INFO HTTP Request: GET https://www.nemzeticegtar.hu/ceg-c0101000516.html "HTTP/2 200 OK"
2026-05-04 00:13:35,042 INFO HTTP Request: GET https://www.nemzeticegtar.hu/ceg-c0101000517.html "HTTP/2 200 OK"
2026-05-04 00:13:35,406 INFO HTTP Request: GET https://www.nemzeticegtar.hu/ceg-c0101000518.html "HTTP/2 200 OK"
2026-05-04 00:13:35,972 INFO HTTP Request: GET https://www.nemzeticegtar.hu/ceg-c0101000519.html "HTTP/2 200 OK"
2026-05-04 00:13:36,145 INFO HTTP Request: GET https://www.nemzeticegtar.hu/ceg-c0101000520.html "HTTP/2 200 OK"
2026-05-04 00:13:37,390 INFO HTTP Request: GET https://www.nemzeticegtar.hu/ceg-c0101000521.html "HTTP/2 200 OK"
2026-05-04 00:13:37,881 INFO HTTP Request: GET https://www.nemzeticegtar.hu/ceg-c0101000522.html "HTTP/2 200 OK"
2026-05-04 00:13:38,213 INFO HTTP Request: GET https://www.nemzeticegtar.hu/ceg-c0101000523.html "HTTP/2 200 OK"
2026-05-04 00:13:38,525 INFO HTTP Request: GET https://www.nemzeticegtar.hu/ceg-c0101000524.html "HTTP/2 200 OK"
2026-05-04 00:13:39,307 INFO HTTP Request: GET https://www.nemzeticegtar.hu/ceg-c0101000525.html "HTTP/2 200 OK"
2026-05-04 00:13:39,311 INFO HTTP Request: GET https://www.nemzeticegtar.hu/ceg-c0101000526.html "HTTP/2 200 OK"
2026-05-04 00:13:40,057 INFO HTTP Request: GET https://www.nemzeticegtar.hu/ceg-c0101000527.html "HTTP/2 200 OK"
2026-05-04 00:13:40,059 INFO HTTP Request: GET https://www.nemzeticegtar.hu/ceg-c0101000528.html "HTTP/2 200 OK"
2026-05-04 00:13:40,359 INFO HTTP Request: GET https://www.nemzeticegtar.hu/ceg-c0101000529.html "HTTP/2 200 OK"
2026-05-04 00:13:40,891 INFO HTTP Request: GET https://www.nemzeticegtar.hu/ceg-c0101000530.html "HTTP/2 200 OK"
2026-05-04 00:13:41,235 INFO HTTP Request: GET https://www.nemzeticegtar.hu/ceg-c0101000531.html "HTTP/2 200 OK"
2026-05-04 00:13:41,874 INFO HTTP Request: GET https://www.nemzeticegtar.hu/ceg-c0101000532.html "HTTP/2 200 OK"
2026-05-04 00:13:42,528 INFO HTTP Request: GET https://www.nemzeticegtar.hu/ceg-c0101000533.html "HTTP/2 200 OK"
2026-05-04 00:13:43,318 INFO HTTP Request: GET https://www.nemzeticegtar.hu/ceg-c0101000534.html "HTTP/2 200 OK"
2026-05-04 00:13:43,685 INFO HTTP Request: GET https://www.nemzeticegtar.hu/ceg-c0101000535.html "HTTP/2 200 OK"
2026-05-04 00:13:44,151 INFO HTTP Request: GET https://www.nemzeticegtar.hu/ceg-c0101000536.html "HTTP/2 200 OK"
2026-05-04 00:13:44,454 INFO HTTP Request: GET https://www.nemzeticegtar.hu/ceg-c0101000537.html "HTTP/2 200 OK"
2026-05-04 00:13:44,795 INFO HTTP Request: GET https://www.nemzeticegtar.hu/ceg-c0101000538.html "HTTP/2 200 OK"
2026-05-04 00:13:45,244 INFO HTTP Request: GET https://www.nemzeticegtar.hu/ceg-c0101000539.html "HTTP/2 200 OK"
2026-05-04 00:13:45,600 INFO HTTP Request: GET https://www.nemzeticegtar.hu/ceg-c0101000540.html "HTTP/2 200 OK"
2026-05-04 00:13:46,227 INFO HTTP Request: GET https://www.nemzeticegtar.hu/ceg-c0101000541.html "HTTP/2 200 OK"
2026-05-04 00:13:46,592 INFO HTTP Request: GET https://www.nemzeticegtar.hu/ceg-c0101000542.html "HTTP/2 200 OK"
2026-05-04 00:13:47,414 INFO HTTP Request: GET https://www.nemzeticegtar.hu/ceg-c0101000543.html "HTTP/2 200 OK"
2026-05-04 00:13:47,831 INFO HTTP Request: GET https://www.nemzeticegtar.hu/ceg-c0101000544.html "HTTP/2 200 OK"
2026-05-04 00:13:48,148 INFO HTTP Request: GET https://www.nemzeticegtar.hu/ceg-c0101000545.html "HTTP/2 200 OK"
2026-05-04 00:13:48,578 INFO HTTP Request: GET https://www.nemzeticegtar.hu/ceg-c0101000546.html "HTTP/2 200 OK"
2026-05-04 00:13:48,954 INFO HTTP Request: GET https://www.nemzeticegtar.hu/ceg-c0101000547.html "HTTP/2 200 OK"
2026-05-04 00:13:49,346 INFO HTTP Request: GET https://www.nemzeticegtar.hu/ceg-c0101000548.html "HTTP/2 200 OK"
2026-05-04 00:13:49,750 INFO HTTP Request: GET https://www.nemzeticegtar.hu/ceg-c0101000549.html "HTTP/2 200 OK"
2026-05-04 00:13:50,086 INFO HTTP Request: GET https://www.nemzeticegtar.hu/ceg-c0101000550.html "HTTP/2 200 OK"
2026-05-04 00:13:50,435 INFO HTTP Request: GET https://www.nemzeticegtar.hu/ceg-c0101000551.html "HTTP/2 200 OK"
2026-05-04 00:13:50,926 INFO HTTP Request: GET https://www.nemzeticegtar.hu/ceg-c0101000552.html "HTTP/2 200 OK"
2026-05-04 00:13:51,682 INFO HTTP Request: GET https://www.nemzeticegtar.hu/ceg-c0101000553.html "HTTP/2 200 OK"
2026-05-04 00:13:52,051 INFO HTTP Request: GET https://www.nemzeticegtar.hu/ceg-c0101000554.html "HTTP/2 200 OK"
2026-05-04 00:13:52,432 INFO HTTP Request: GET https://www.nemzeticegtar.hu/ceg-c0101000555.html "HTTP/2 200 OK"
2026-05-04 00:13:52,784 INFO HTTP Request: GET https://www.nemzeticegtar.hu/ceg-c0101000556.html "HTTP/2 200 OK"
2026-05-04 00:13:53,140 INFO HTTP Request: GET https://www.nemzeticegtar.hu/ceg-c0101000557.html "HTTP/2 200 OK"
2026-05-04 00:13:53,530 INFO HTTP Request: GET https://www.nemzeticegtar.hu/ceg-c0101000558.html "HTTP/2 200 OK"
2026-05-04 00:13:53,875 INFO HTTP Request: GET https://www.nemzeticegtar.hu/ceg-c0101000559.html "HTTP/2 200 OK"
2026-05-04 00:13:54,591 INFO HTTP Request: GET https://www.nemzeticegtar.hu/ceg-c0101000560.html "HTTP/2 200 OK"
2026-05-04 00:13:54,856 INFO HTTP Request: GET https://www.nemzeticegtar.hu/ceg-c0101000561.html "HTTP/2 200 OK"
2026-05-04 00:13:55,743 INFO HTTP Request: GET https://www.nemzeticegtar.hu/ceg-c0101000562.html "HTTP/2 200 OK"
2026-05-04 00:13:56,131 INFO HTTP Request: GET https://www.nemzeticegtar.hu/ceg-c0101000563.html "HTTP/2 200 OK"
2026-05-04 00:13:56,490 INFO HTTP Request: GET https://www.nemzeticegtar.hu/ceg-c0101000564.html "HTTP/2 200 OK"
2026-05-04 00:13:56,862 INFO HTTP Request: GET https://www.nemzeticegtar.hu/ceg-c0101000565.html "HTTP/2 200 OK"
2026-05-04 00:13:57,256 INFO HTTP Request: GET https://www.nemzeticegtar.hu/ceg-c0101000566.html "HTTP/2 200 OK"
2026-05-04 00:13:57,604 INFO HTTP Request: GET https://www.nemzeticegtar.hu/ceg-c0101000567.html "HTTP/2 200 OK"
2026-05-04 00:13:57,981 INFO HTTP Request: GET https://www.nemzeticegtar.hu/ceg-c0101000568.html "HTTP/2 200 OK"
2026-05-04 00:13:58,385 INFO HTTP Request: GET https://www.nemzeticegtar.hu/ceg-c0101000569.html "HTTP/2 200 OK"
2026-05-04 00:13:59,228 INFO HTTP Request: GET https://www.nemzeticegtar.hu/ceg-c0101000570.html "HTTP/2 200 OK"
2026-05-04 00:13:59,593 INFO HTTP Request: GET https://www.nemzeticegtar.hu/ceg-c0101000571.html "HTTP/2 200 OK"
2026-05-04 00:13:59,971 INFO HTTP Request: GET https://www.nemzeticegtar.hu/ceg-c0101000572.html "HTTP/2 200 OK"
2026-05-04 00:14:00,327 INFO HTTP Request: GET https://www.nemzeticegtar.hu/ceg-c0101000573.html "HTTP/2 200 OK"
2026-05-04 00:14:01,055 INFO HTTP Request: GET https://www.nemzeticegtar.hu/ceg-c0101000574.html "HTTP/2 200 OK"
2026-05-04 00:14:01,131 INFO HTTP Request: GET https://www.nemzeticegtar.hu/ceg-c0101000575.html "HTTP/2 200 OK"
2026-05-04 00:14:01,451 INFO HTTP Request: GET https://www.nemzeticegtar.hu/ceg-c0101000576.html "HTTP/2 200 OK"
2026-05-04 00:14:01,801 INFO HTTP Request: GET https://www.nemzeticegtar.hu/ceg-c0101000577.html "HTTP/2 200 OK"
2026-05-04 00:14:02,148 INFO HTTP Request: GET https://www.nemzeticegtar.hu/ceg-c0101000578.html "HTTP/2 200 OK"
2026-05-04 00:14:02,683 INFO HTTP Request: GET https://www.nemzeticegtar.hu/ceg-c0101000579.html "HTTP/2 200 OK"
2026-05-04 00:14:03,028 INFO HTTP Request: GET https://www.nemzeticegtar.hu/ceg-c0101000580.html "HTTP/2 200 OK"
2026-05-04 00:14:04,217 INFO HTTP Request: GET https://www.nemzeticegtar.hu/ceg-c0101000581.html "HTTP/2 200 OK"
2026-05-04 00:14:04,636 INFO HTTP Request: GET https://www.nemzeticegtar.hu/ceg-c0101000582.html "HTTP/2 200 OK"
2026-05-04 00:14:04,904 INFO HTTP Request: GET https://www.nemzeticegtar.hu/ceg-c0101000583.html "HTTP/2 200 OK"
2026-05-04 00:14:05,256 INFO HTTP Request: GET https://www.nemzeticegtar.hu/ceg-c0101000584.html "HTTP/2 200 OK"
2026-05-04 00:14:06,068 INFO HTTP Request: GET https://www.nemzeticegtar.hu/ceg-c0101000585.html "HTTP/2 200 OK"
2026-05-04 00:14:06,070 INFO HTTP Request: GET https://www.nemzeticegtar.hu/ceg-c0101000586.html "HTTP/2 200 OK"
2026-05-04 00:14:06,367 INFO HTTP Request: GET https://www.nemzeticegtar.hu/ceg-c0101000587.html "HTTP/2 200 OK"
2026-05-04 00:14:06,776 INFO HTTP Request: GET https://www.nemzeticegtar.hu/ceg-c0101000588.html "HTTP/2 200 OK"
2026-05-04 00:14:07,886 INFO HTTP Request: GET https://www.nemzeticegtar.hu/ceg-c0101000589.html "HTTP/2 200 OK"
2026-05-04 00:14:08,313 INFO HTTP Request: GET https://www.nemzeticegtar.hu/ceg-c0101000590.html "HTTP/2 200 OK"
2026-05-04 00:14:08,559 INFO HTTP Request: GET https://www.nemzeticegtar.hu/ceg-c0101000591.html "HTTP/2 200 OK"
2026-05-04 00:14:08,936 INFO HTTP Request: GET https://www.nemzeticegtar.hu/ceg-c0101000592.html "HTTP/2 200 OK"
2026-05-04 00:14:09,647 INFO HTTP Request: GET https://www.nemzeticegtar.hu/ceg-c0101000593.html "HTTP/2 200 OK"
2026-05-04 00:14:09,649 INFO HTTP Request: GET https://www.nemzeticegtar.hu/ceg-c0101000594.html "HTTP/2 200 OK"
2026-05-04 00:14:10,031 INFO HTTP Request: GET https://www.nemzeticegtar.hu/ceg-c0101000595.html "HTTP/2 200 OK"
2026-05-04 00:14:10,461 INFO HTTP Request: GET https://www.nemzeticegtar.hu/ceg-c0101000596.html "HTTP/2 200 OK"
2026-05-04 00:14:11,462 INFO HTTP Request: GET https://www.nemzeticegtar.hu/ceg-c0101000597.html "HTTP/2 200 OK"
2026-05-04 00:14:11,819 INFO HTTP Request: GET https://www.nemzeticegtar.hu/ceg-c0101000598.html "HTTP/2 200 OK"
2026-05-04 00:14:12,208 INFO HTTP Request: GET https://www.nemzeticegtar.hu/ceg-c0101000599.html "HTTP/2 200 OK"
2026-05-04 00:14:12,548 INFO HTTP Request: GET https://www.nemzeticegtar.hu/ceg-c0101000600.html "HTTP/2 200 OK"
2026-05-04 00:14:12,920 INFO HTTP Request: GET https://www.nemzeticegtar.hu/ceg-c0101000601.html "HTTP/2 200 OK"
2026-05-04 00:14:13,329 INFO HTTP Request: GET https://www.nemzeticegtar.hu/ceg-c0101000602.html "HTTP/2 200 OK"
2026-05-04 00:14:13,742 INFO HTTP Request: GET https://www.nemzeticegtar.hu/ceg-c0101000603.html "HTTP/2 200 OK"
2026-05-04 00:14:14,045 INFO HTTP Request: GET https://www.nemzeticegtar.hu/ceg-c0101000604.html "HTTP/2 200 OK"
2026-05-04 00:14:14,968 INFO HTTP Request: GET https://www.nemzeticegtar.hu/ceg-c0101000605.html "HTTP/2 200 OK"
2026-05-04 00:14:15,376 INFO HTTP Request: GET https://www.nemzeticegtar.hu/ceg-c0101000606.html "HTTP/2 200 OK"
2026-05-04 00:14:15,691 INFO HTTP Request: GET https://www.nemzeticegtar.hu/ceg-c0101000607.html "HTTP/2 200 OK"
2026-05-04 00:14:16,095 INFO HTTP Request: GET https://www.nemzeticegtar.hu/ceg-c0101000608.html "HTTP/2 200 OK"
2026-05-04 00:14:16,407 INFO HTTP Request: GET https://www.nemzeticegtar.hu/ceg-c0101000609.html "HTTP/2 200 OK"
2026-05-04 00:14:16,777 INFO HTTP Request: GET https://www.nemzeticegtar.hu/ceg-c0101000610.html "HTTP/2 200 OK"
2026-05-04 00:14:17,229 INFO HTTP Request: GET https://www.nemzeticegtar.hu/ceg-c0101000611.html "HTTP/2 200 OK"
2026-05-04 00:14:17,494 INFO HTTP Request: GET https://www.nemzeticegtar.hu/ceg-c0101000612.html "HTTP/2 200 OK"
2026-05-04 00:14:17,948 INFO HTTP Request: GET https://www.nemzeticegtar.hu/ceg-c0101000613.html "HTTP/2 200 OK"
2026-05-04 00:14:18,314 INFO HTTP Request: GET https://www.nemzeticegtar.hu/ceg-c0101000614.html "HTTP/2 200 OK"
2026-05-04 00:14:18,759 INFO HTTP Request: GET https://www.nemzeticegtar.hu/ceg-c0101000615.html "HTTP/2 200 OK"
2026-05-04 00:14:19,030 INFO HTTP Request: GET https://www.nemzeticegtar.hu/ceg-c0101000616.html "HTTP/2 200 OK"
2026-05-04 00:14:19,388 INFO HTTP Request: GET https://www.nemzeticegtar.hu/ceg-c0101000617.html "HTTP/2 200 OK"
2026-05-04 00:14:19,781 INFO HTTP Request: GET https://www.nemzeticegtar.hu/ceg-c0101000618.html "HTTP/2 200 OK"
2026-05-04 00:14:20,193 INFO HTTP Request: GET https://www.nemzeticegtar.hu/ceg-c0101000619.html "HTTP/2 200 OK"
2026-05-04 00:14:20,909 INFO HTTP Request: GET https://www.nemzeticegtar.hu/ceg-c0101000620.html "HTTP/2 200 OK"
2026-05-04 00:14:21,628 INFO HTTP Request: GET https://www.nemzeticegtar.hu/ceg-c0101000621.html "HTTP/2 200 OK"
2026-05-04 00:14:22,049 INFO HTTP Request: GET https://www.nemzeticegtar.hu/ceg-c0101000622.html "HTTP/2 200 OK"
2026-05-04 00:14:22,650 INFO HTTP Request: GET https://www.nemzeticegtar.hu/ceg-c0101000623.html "HTTP/2 200 OK"
2026-05-04 00:14:23,044 INFO HTTP Request: GET https://www.nemzeticegtar.hu/ceg-c0101000624.html "HTTP/2 200 OK"
2026-05-04 00:14:23,468 INFO HTTP Request: GET https://www.nemzeticegtar.hu/ceg-c0101000625.html "HTTP/2 200 OK"
2026-05-04 00:14:23,793 INFO HTTP Request: GET https://www.nemzeticegtar.hu/ceg-c0101000626.html "HTTP/2 200 OK"
2026-05-04 00:14:24,126 INFO HTTP Request: GET https://www.nemzeticegtar.hu/ceg-c0101000627.html "HTTP/2 200 OK"
2026-05-04 00:14:24,516 INFO HTTP Request: GET https://www.nemzeticegtar.hu/ceg-c0101000628.html "HTTP/2 200 OK"
2026-05-04 00:14:24,908 INFO HTTP Request: GET https://www.nemzeticegtar.hu/ceg-c0101000629.html "HTTP/2 200 OK"
2026-05-04 00:14:25,468 INFO HTTP Request: GET https://www.nemzeticegtar.hu/ceg-c0101000630.html "HTTP/2 200 OK"
2026-05-04 00:14:26,335 INFO HTTP Request: GET https://www.nemzeticegtar.hu/ceg-c0101000631.html "HTTP/2 200 OK"
2026-05-04 00:14:26,641 INFO HTTP Request: GET https://www.nemzeticegtar.hu/ceg-c0101000632.html "HTTP/2 200 OK"
2026-05-04 00:14:26,991 INFO HTTP Request: GET https://www.nemzeticegtar.hu/ceg-c0101000633.html "HTTP/2 200 OK"
2026-05-04 00:14:27,513 INFO HTTP Request: GET https://www.nemzeticegtar.hu/ceg-c0101000634.html "HTTP/2 200 OK"
2026-05-04 00:14:28,176 INFO HTTP Request: GET https://www.nemzeticegtar.hu/ceg-c0101000635.html "HTTP/2 200 OK"
2026-05-04 00:14:28,586 INFO HTTP Request: GET https://www.nemzeticegtar.hu/ceg-c0101000636.html "HTTP/2 200 OK"
2026-05-04 00:14:28,850 INFO HTTP Request: GET https://www.nemzeticegtar.hu/ceg-c0101000637.html "HTTP/2 200 OK"
2026-05-04 00:14:29,530 INFO HTTP Request: GET https://www.nemzeticegtar.hu/ceg-c0101000638.html "HTTP/2 200 OK"
2026-05-04 00:14:30,192 INFO HTTP Request: GET https://www.nemzeticegtar.hu/ceg-c0101000639.html "HTTP/2 200 OK"
2026-05-04 00:14:30,642 INFO HTTP Request: GET https://www.nemzeticegtar.hu/ceg-c0101000640.html "HTTP/2 200 OK"
2026-05-04 00:14:30,941 INFO HTTP Request: GET https://www.nemzeticegtar.hu/ceg-c0101000641.html "HTTP/2 200 OK"
2026-05-04 00:14:31,463 INFO HTTP Request: GET https://www.nemzeticegtar.hu/ceg-c0101000642.html "HTTP/2 200 OK"
2026-05-04 00:14:31,749 INFO HTTP Request: GET https://www.nemzeticegtar.hu/ceg-c0101000643.html "HTTP/2 200 OK"
2026-05-04 00:14:32,274 INFO HTTP Request: GET https://www.nemzeticegtar.hu/ceg-c0101000644.html "HTTP/2 200 OK"
2026-05-04 00:14:32,553 INFO HTTP Request: GET https://www.nemzeticegtar.hu/ceg-c0101000645.html "HTTP/2 200 OK"
2026-05-04 00:14:32,990 INFO HTTP Request: GET https://www.nemzeticegtar.hu/ceg-c0101000646.html "HTTP/2 200 OK"
2026-05-04 00:14:33,296 INFO HTTP Request: GET https://www.nemzeticegtar.hu/ceg-c0101000647.html "HTTP/2 200 OK"
2026-05-04 00:14:33,708 INFO HTTP Request: GET https://www.nemzeticegtar.hu/ceg-c0101000648.html "HTTP/2 200 OK"
2026-05-04 00:14:34,465 INFO HTTP Request: GET https://www.nemzeticegtar.hu/ceg-c0101000649.html "HTTP/2 200 OK"
2026-05-04 00:14:34,869 INFO HTTP Request: GET https://www.nemzeticegtar.hu/ceg-c0101000651.html "HTTP/2 200 OK"
2026-05-04 00:14:35,346 INFO HTTP Request: GET https://www.nemzeticegtar.hu/ceg-c0101000650.html "HTTP/2 200 OK"
2026-05-04 00:14:35,656 INFO HTTP Request: GET https://www.nemzeticegtar.hu/ceg-c0101000652.html "HTTP/2 200 OK"
2026-05-04 00:14:36,064 INFO HTTP Request: GET https://www.nemzeticegtar.hu/ceg-c0101000653.html "HTTP/2 200 OK"
2026-05-04 00:14:36,371 INFO HTTP Request: GET https://www.nemzeticegtar.hu/ceg-c0101000654.html "HTTP/2 200 OK"
2026-05-04 00:14:36,682 INFO HTTP Request: GET https://www.nemzeticegtar.hu/ceg-c0101000655.html "HTTP/2 200 OK"
2026-05-04 00:14:37,274 INFO HTTP Request: GET https://www.nemzeticegtar.hu/ceg-c0101000656.html "HTTP/2 200 OK"
2026-05-04 00:14:37,808 INFO HTTP Request: GET https://www.nemzeticegtar.hu/ceg-c0101000657.html "HTTP/2 200 OK"
2026-05-04 00:14:38,061 INFO HTTP Request: GET https://www.nemzeticegtar.hu/ceg-c0101000658.html "HTTP/2 200 OK"
2026-05-04 00:14:38,591 INFO HTTP Request: GET https://www.nemzeticegtar.hu/ceg-c0101000659.html "HTTP/2 200 OK"
2026-05-04 00:14:39,551 INFO HTTP Request: GET https://www.nemzeticegtar.hu/ceg-c0101000660.html "HTTP/2 200 OK"
2026-05-04 00:14:40,271 INFO HTTP Request: GET https://www.nemzeticegtar.hu/ceg-c0101000661.html "HTTP/2 200 OK"
2026-05-04 00:14:40,611 INFO HTTP Request: GET https://www.nemzeticegtar.hu/ceg-c0101000662.html "HTTP/2 200 OK"
2026-05-04 00:14:40,613 INFO HTTP Request: GET https://www.nemzeticegtar.hu/ceg-c0101000663.html "HTTP/2 200 OK"
2026-05-04 00:14:41,080 INFO HTTP Request: GET https://www.nemzeticegtar.hu/ceg-c0101000664.html "HTTP/2 200 OK"
2026-05-04 00:14:41,417 INFO HTTP Request: GET https://www.nemzeticegtar.hu/ceg-c0101000665.html "HTTP/2 200 OK"
2026-05-04 00:14:41,797 INFO HTTP Request: GET https://www.nemzeticegtar.hu/ceg-c0101000666.html "HTTP/2 200 OK"
2026-05-04 00:14:42,823 INFO HTTP Request: GET https://www.nemzeticegtar.hu/ceg-c0101000667.html "HTTP/2 200 OK"
2026-05-04 00:14:43,511 INFO HTTP Request: GET https://www.nemzeticegtar.hu/ceg-c0101000668.html "HTTP/2 200 OK"
2026-05-04 00:14:43,844 INFO HTTP Request: GET https://www.nemzeticegtar.hu/ceg-c0101000669.html "HTTP/2 200 OK"
2026-05-04 00:14:44,201 INFO HTTP Request: GET https://www.nemzeticegtar.hu/ceg-c0101000670.html "HTTP/2 200 OK"
2026-05-04 00:14:44,647 INFO HTTP Request: GET https://www.nemzeticegtar.hu/ceg-c0101000671.html "HTTP/2 200 OK"
2026-05-04 00:14:44,936 INFO HTTP Request: GET https://www.nemzeticegtar.hu/ceg-c0101000672.html "HTTP/2 200 OK"
2026-05-04 00:14:45,672 INFO HTTP Request: GET https://www.nemzeticegtar.hu/ceg-c0101000673.html "HTTP/2 200 OK"
2026-05-04 00:14:45,674 INFO HTTP Request: GET https://www.nemzeticegtar.hu/ceg-c0101000674.html "HTTP/2 200 OK"
2026-05-04 00:14:46,046 INFO HTTP Request: GET https://www.nemzeticegtar.hu/ceg-c0101000675.html "HTTP/2 200 OK"
2026-05-04 00:14:46,531 INFO HTTP Request: GET https://www.nemzeticegtar.hu/ceg-c0101000676.html "HTTP/2 200 OK"
2026-05-04 00:14:47,127 INFO HTTP Request: GET https://www.nemzeticegtar.hu/ceg-c0101000677.html "HTTP/2 200 OK"
2026-05-04 00:14:47,531 INFO HTTP Request: GET https://www.nemzeticegtar.hu/ceg-c0101000678.html "HTTP/2 200 OK"
2026-05-04 00:14:48,365 INFO HTTP Request: GET https://www.nemzeticegtar.hu/ceg-c0101000679.html "HTTP/2 200 OK"
2026-05-04 00:14:48,640 INFO HTTP Request: GET https://www.nemzeticegtar.hu/ceg-c0101000680.html "HTTP/2 200 OK"
2026-05-04 00:14:48,999 INFO HTTP Request: GET https://www.nemzeticegtar.hu/ceg-c0101000681.html "HTTP/2 200 OK"
2026-05-04 00:14:49,357 INFO HTTP Request: GET https://www.nemzeticegtar.hu/ceg-c0101000682.html "HTTP/2 200 OK"
2026-05-04 00:14:49,791 INFO HTTP Request: GET https://www.nemzeticegtar.hu/ceg-c0101000683.html "HTTP/2 200 OK"
2026-05-04 00:14:50,101 INFO HTTP Request: GET https://www.nemzeticegtar.hu/ceg-c0101000684.html "HTTP/2 200 OK"
2026-05-04 00:14:50,705 INFO HTTP Request: GET https://www.nemzeticegtar.hu/ceg-c0101000685.html "HTTP/2 200 OK"
2026-05-04 00:14:51,144 INFO HTTP Request: GET https://www.nemzeticegtar.hu/ceg-c0101000686.html "HTTP/2 200 OK"
2026-05-04 00:14:51,533 INFO HTTP Request: GET https://www.nemzeticegtar.hu/ceg-c0101000687.html "HTTP/2 200 OK"
2026-05-04 00:14:51,865 INFO HTTP Request: GET https://www.nemzeticegtar.hu/ceg-c0101000689.html "HTTP/2 200 OK"
2026-05-04 00:14:52,525 INFO HTTP Request: GET https://www.nemzeticegtar.hu/ceg-c0101000690.html "HTTP/2 200 OK"
2026-05-04 00:14:52,987 INFO HTTP Request: GET https://www.nemzeticegtar.hu/ceg-c0101000688.html "HTTP/2 200 OK"
2026-05-04 00:14:53,369 INFO HTTP Request: GET https://www.nemzeticegtar.hu/ceg-c0101000691.html "HTTP/2 200 OK"
2026-05-04 00:14:53,694 INFO HTTP Request: GET https://www.nemzeticegtar.hu/ceg-c0101000692.html "HTTP/2 200 OK"
2026-05-04 00:14:54,060 INFO HTTP Request: GET https://www.nemzeticegtar.hu/ceg-c0101000693.html "HTTP/2 200 OK"
2026-05-04 00:14:55,134 INFO HTTP Request: GET https://www.nemzeticegtar.hu/ceg-c0101000694.html "HTTP/2 200 OK"
2026-05-04 00:14:55,515 INFO HTTP Request: GET https://www.nemzeticegtar.hu/ceg-c0101000695.html "HTTP/2 200 OK"
2026-05-04 00:14:55,887 INFO HTTP Request: GET https://www.nemzeticegtar.hu/ceg-c0101000696.html "HTTP/2 200 OK"
2026-05-04 00:14:56,343 INFO HTTP Request: GET https://www.nemzeticegtar.hu/ceg-c0101000697.html "HTTP/2 200 OK"
2026-05-04 00:14:56,620 INFO HTTP Request: GET https://www.nemzeticegtar.hu/ceg-c0101000698.html "HTTP/2 200 OK"
2026-05-04 00:14:56,993 INFO HTTP Request: GET https://www.nemzeticegtar.hu/ceg-c0101000699.html "HTTP/2 200 OK"
2026-05-04 00:14:57,466 INFO HTTP Request: GET https://www.nemzeticegtar.hu/ceg-c0101000700.html "HTTP/2 200 OK"
2026-05-04 00:14:57,774 INFO HTTP Request: GET https://www.nemzeticegtar.hu/ceg-c0101000701.html "HTTP/2 200 OK"
2026-05-04 00:14:58,543 INFO HTTP Request: GET https://www.nemzeticegtar.hu/ceg-c0101000702.html "HTTP/2 200 OK"
2026-05-04 00:14:58,912 INFO HTTP Request: GET https://www.nemzeticegtar.hu/ceg-c0101000703.html "HTTP/2 200 OK"
2026-05-04 00:14:59,312 INFO HTTP Request: GET https://www.nemzeticegtar.hu/ceg-c0101000704.html "HTTP/2 200 OK"
2026-05-04 00:14:59,719 INFO HTTP Request: GET https://www.nemzeticegtar.hu/ceg-c0101000705.html "HTTP/2 200 OK"
2026-05-04 00:15:00,543 INFO HTTP Request: GET https://www.nemzeticegtar.hu/ceg-c0101000706.html "HTTP/2 200 OK"
2026-05-04 00:15:00,948 INFO HTTP Request: GET https://www.nemzeticegtar.hu/ceg-c0101000707.html "HTTP/2 200 OK"
2026-05-04 00:15:01,379 INFO HTTP Request: GET https://www.nemzeticegtar.hu/ceg-c0101000708.html "HTTP/2 200 OK"
2026-05-04 00:15:01,990 INFO HTTP Request: GET https://www.nemzeticegtar.hu/ceg-c0101000709.html "HTTP/2 200 OK"
2026-05-04 00:15:02,385 INFO HTTP Request: GET https://www.nemzeticegtar.hu/ceg-c0101000710.html "HTTP/2 200 OK"
2026-05-04 00:15:02,740 INFO HTTP Request: GET https://www.nemzeticegtar.hu/ceg-c0101000711.html "HTTP/2 200 OK"
2026-05-04 00:15:03,100 INFO HTTP Request: GET https://www.nemzeticegtar.hu/ceg-c0101000712.html "HTTP/2 200 OK"
2026-05-04 00:15:03,492 INFO HTTP Request: GET https://www.nemzeticegtar.hu/ceg-c0101000713.html "HTTP/2 200 OK"
2026-05-04 00:15:04,157 INFO HTTP Request: GET https://www.nemzeticegtar.hu/ceg-c0101000714.html "HTTP/2 200 OK"
2026-05-04 00:15:04,712 INFO HTTP Request: GET https://www.nemzeticegtar.hu/ceg-c0101000715.html "HTTP/2 200 OK"
2026-05-04 00:15:05,138 INFO HTTP Request: GET https://www.nemzeticegtar.hu/ceg-c0101000716.html "HTTP/2 200 OK"
2026-05-04 00:15:05,450 INFO HTTP Request: GET https://www.nemzeticegtar.hu/ceg-c0101000717.html "HTTP/2 200 OK"
2026-05-04 00:15:05,808 INFO HTTP Request: GET https://www.nemzeticegtar.hu/ceg-c0101000718.html "HTTP/2 200 OK"
2026-05-04 00:15:06,177 INFO HTTP Request: GET https://www.nemzeticegtar.hu/ceg-c0101000719.html "HTTP/2 200 OK"
2026-05-04 00:15:06,563 INFO HTTP Request: GET https://www.nemzeticegtar.hu/ceg-c0101000720.html "HTTP/2 200 OK"
2026-05-04 00:15:06,992 INFO HTTP Request: GET https://www.nemzeticegtar.hu/ceg-c0101000721.html "HTTP/2 200 OK"
2026-05-04 00:15:07,449 INFO HTTP Request: GET https://www.nemzeticegtar.hu/ceg-c0101000722.html "HTTP/2 200 OK"
2026-05-04 00:15:07,907 INFO HTTP Request: GET https://www.nemzeticegtar.hu/ceg-c0101000723.html "HTTP/2 200 OK"
2026-05-04 00:15:08,420 INFO HTTP Request: GET https://www.nemzeticegtar.hu/ceg-c0101000724.html "HTTP/2 200 OK"
2026-05-04 00:15:08,770 INFO HTTP Request: GET https://www.nemzeticegtar.hu/ceg-c0101000725.html "HTTP/2 200 OK"
2026-05-04 00:15:09,152 INFO HTTP Request: GET https://www.nemzeticegtar.hu/ceg-c0101000726.html "HTTP/2 200 OK"
2026-05-04 00:15:09,935 INFO HTTP Request: GET https://www.nemzeticegtar.hu/ceg-c0101000727.html "HTTP/2 200 OK"
2026-05-04 00:15:10,722 INFO HTTP Request: GET https://www.nemzeticegtar.hu/ceg-c0101000728.html "HTTP/2 200 OK"
2026-05-04 00:15:11,081 INFO HTTP Request: GET https://www.nemzeticegtar.hu/ceg-c0101000729.html "HTTP/2 200 OK"
2026-05-04 00:15:11,429 INFO HTTP Request: GET https://www.nemzeticegtar.hu/ceg-c0101000730.html "HTTP/2 200 OK"
2026-05-04 00:15:11,843 INFO HTTP Request: GET https://www.nemzeticegtar.hu/ceg-c0101000731.html "HTTP/2 200 OK"
2026-05-04 00:15:12,160 INFO HTTP Request: GET https://www.nemzeticegtar.hu/ceg-c0101000732.html "HTTP/2 200 OK"
2026-05-04 00:15:12,760 INFO HTTP Request: GET https://www.nemzeticegtar.hu/ceg-c0101000733.html "HTTP/2 200 OK"
2026-05-04 00:15:13,152 INFO HTTP Request: GET https://www.nemzeticegtar.hu/ceg-c0101000734.html "HTTP/2 200 OK"
2026-05-04 00:15:13,489 INFO HTTP Request: GET https://www.nemzeticegtar.hu/ceg-c0101000735.html "HTTP/2 200 OK"
2026-05-04 00:15:13,863 INFO HTTP Request: GET https://www.nemzeticegtar.hu/ceg-c0101000736.html "HTTP/2 200 OK"
2026-05-04 00:15:14,447 INFO HTTP Request: GET https://www.nemzeticegtar.hu/ceg-c0101000737.html "HTTP/2 200 OK"
2026-05-04 00:15:14,806 INFO HTTP Request: GET https://www.nemzeticegtar.hu/ceg-c0101000738.html "HTTP/2 200 OK"
2026-05-04 00:15:15,373 INFO HTTP Request: GET https://www.nemzeticegtar.hu/ceg-c0101000739.html "HTTP/2 200 OK"
2026-05-04 00:15:15,742 INFO HTTP Request: GET https://www.nemzeticegtar.hu/ceg-c0101000740.html "HTTP/2 200 OK"
2026-05-04 00:15:16,109 INFO HTTP Request: GET https://www.nemzeticegtar.hu/ceg-c0101000741.html "HTTP/2 200 OK"
2026-05-04 00:15:16,510 INFO HTTP Request: GET https://www.nemzeticegtar.hu/ceg-c0101000742.html "HTTP/2 200 OK"
2026-05-04 00:15:16,931 INFO HTTP Request: GET https://www.nemzeticegtar.hu/ceg-c0101000743.html "HTTP/2 200 OK"
2026-05-04 00:15:17,265 INFO HTTP Request: GET https://www.nemzeticegtar.hu/ceg-c0101000744.html "HTTP/2 200 OK"
2026-05-04 00:15:17,883 INFO HTTP Request: GET https://www.nemzeticegtar.hu/ceg-c0101000745.html "HTTP/2 200 OK"
2026-05-04 00:15:18,365 INFO HTTP Request: GET https://www.nemzeticegtar.hu/ceg-c0101000746.html "HTTP/2 200 OK"
2026-05-04 00:15:18,613 INFO HTTP Request: GET https://www.nemzeticegtar.hu/ceg-c0101000747.html "HTTP/2 200 OK"
2026-05-04 00:15:19,050 INFO HTTP Request: GET https://www.nemzeticegtar.hu/ceg-c0101000748.html "HTTP/2 200 OK"
2026-05-04 00:15:19,377 INFO HTTP Request: GET https://www.nemzeticegtar.hu/ceg-c0101000749.html "HTTP/2 200 OK"
2026-05-04 00:15:19,794 INFO HTTP Request: GET https://www.nemzeticegtar.hu/ceg-c0101000750.html "HTTP/2 200 OK"
2026-05-04 00:15:20,728 INFO HTTP Request: GET https://www.nemzeticegtar.hu/ceg-c0101000751.html "HTTP/2 200 OK"
2026-05-04 00:15:21,119 INFO HTTP Request: GET https://www.nemzeticegtar.hu/ceg-c0101000752.html "HTTP/2 200 OK"
2026-05-04 00:15:21,528 INFO HTTP Request: GET https://www.nemzeticegtar.hu/ceg-c0101000753.html "HTTP/2 200 OK"
2026-05-04 00:15:21,938 INFO HTTP Request: GET https://www.nemzeticegtar.hu/ceg-c0101000754.html "HTTP/2 200 OK"
2026-05-04 00:15:22,345 INFO HTTP Request: GET https://www.nemzeticegtar.hu/ceg-c0101000755.html "HTTP/2 200 OK"
2026-05-04 00:15:22,659 INFO HTTP Request: GET https://www.nemzeticegtar.hu/ceg-c0101000756.html "HTTP/2 200 OK"
2026-05-04 00:15:23,094 INFO HTTP Request: GET https://www.nemzeticegtar.hu/ceg-c0101000757.html "HTTP/2 200 OK"
2026-05-04 00:15:23,461 INFO HTTP Request: GET https://www.nemzeticegtar.hu/ceg-c0101000758.html "HTTP/2 200 OK"
2026-05-04 00:15:23,823 INFO HTTP Request: GET https://www.nemzeticegtar.hu/ceg-c0101000759.html "HTTP/2 200 OK"
2026-05-04 00:15:24,188 INFO HTTP Request: GET https://www.nemzeticegtar.hu/ceg-c0101000760.html "HTTP/2 200 OK"
2026-05-04 00:15:24,695 INFO HTTP Request: GET https://www.nemzeticegtar.hu/ceg-c0101000761.html "HTTP/2 200 OK"
2026-05-04 00:15:25,249 INFO HTTP Request: GET https://www.nemzeticegtar.hu/ceg-c0101000762.html "HTTP/2 200 OK"
2026-05-04 00:15:25,605 INFO HTTP Request: GET https://www.nemzeticegtar.hu/ceg-c0101000763.html "HTTP/2 200 OK"
2026-05-04 00:15:26,039 INFO HTTP Request: GET https://www.nemzeticegtar.hu/ceg-c0101000764.html "HTTP/2 200 OK"
2026-05-04 00:15:26,340 INFO HTTP Request: GET https://www.nemzeticegtar.hu/ceg-c0101000765.html "HTTP/2 200 OK"
2026-05-04 00:15:27,163 INFO HTTP Request: GET https://www.nemzeticegtar.hu/ceg-c0101000766.html "HTTP/2 200 OK"
2026-05-04 00:15:27,479 INFO HTTP Request: GET https://www.nemzeticegtar.hu/ceg-c0101000767.html "HTTP/2 200 OK"
2026-05-04 00:15:27,848 INFO HTTP Request: GET https://www.nemzeticegtar.hu/ceg-c0101000768.html "HTTP/2 200 OK"
2026-05-04 00:15:28,291 INFO HTTP Request: GET https://www.nemzeticegtar.hu/ceg-c0101000769.html "HTTP/2 200 OK"
2026-05-04 00:15:29,003 INFO HTTP Request: GET https://www.nemzeticegtar.hu/ceg-c0101000770.html "HTTP/2 200 OK"
2026-05-04 00:15:29,006 INFO HTTP Request: GET https://www.nemzeticegtar.hu/ceg-c0101000771.html "HTTP/2 200 OK"
2026-05-04 00:15:29,304 INFO HTTP Request: GET https://www.nemzeticegtar.hu/ceg-c0101000772.html "HTTP/2 200 OK"
2026-05-04 00:15:29,662 INFO HTTP Request: GET https://www.nemzeticegtar.hu/ceg-c0101000773.html "HTTP/2 200 OK"
2026-05-04 00:15:30,129 INFO HTTP Request: GET https://www.nemzeticegtar.hu/ceg-c0101000774.html "HTTP/2 200 OK"
2026-05-04 00:15:30,436 INFO HTTP Request: GET https://www.nemzeticegtar.hu/ceg-c0101000775.html "HTTP/2 200 OK"
2026-05-04 00:15:31,547 INFO HTTP Request: GET https://www.nemzeticegtar.hu/ceg-c0101000776.html "HTTP/2 200 OK"
2026-05-04 00:15:31,971 INFO HTTP Request: GET https://www.nemzeticegtar.hu/ceg-c0101000777.html "HTTP/2 200 OK"
2026-05-04 00:15:32,282 INFO HTTP Request: GET https://www.nemzeticegtar.hu/ceg-c0101000778.html "HTTP/2 200 OK"
2026-05-04 00:15:32,714 INFO HTTP Request: GET https://www.nemzeticegtar.hu/ceg-c0101000779.html "HTTP/2 200 OK"
2026-05-04 00:15:33,098 INFO HTTP Request: GET https://www.nemzeticegtar.hu/ceg-c0101000780.html "HTTP/2 200 OK"
2026-05-04 00:15:33,443 INFO HTTP Request: GET https://www.nemzeticegtar.hu/ceg-c0101000781.html "HTTP/2 200 OK"
2026-05-04 00:15:34,030 INFO HTTP Request: GET https://www.nemzeticegtar.hu/ceg-c0101000782.html "HTTP/2 200 OK"
2026-05-04 00:15:34,542 INFO HTTP Request: GET https://www.nemzeticegtar.hu/ceg-c0101000783.html "HTTP/2 200 OK"
2026-05-04 00:15:35,583 INFO HTTP Request: GET https://www.nemzeticegtar.hu/ceg-c0101000784.html "HTTP/2 200 OK"
2026-05-04 00:15:36,401 INFO HTTP Request: GET https://www.nemzeticegtar.hu/ceg-c0101000785.html "HTTP/2 200 OK"
2026-05-04 00:15:37,051 INFO HTTP Request: GET https://www.nemzeticegtar.hu/ceg-c0101000789.html "HTTP/2 200 OK"
2026-05-04 00:15:37,053 INFO HTTP Request: GET https://www.nemzeticegtar.hu/ceg-c0101000786.html "HTTP/2 200 OK"
2026-05-04 00:15:37,056 INFO HTTP Request: GET https://www.nemzeticegtar.hu/ceg-c0101000787.html "HTTP/2 200 OK"
2026-05-04 00:15:37,462 INFO HTTP Request: GET https://www.nemzeticegtar.hu/ceg-c0101000788.html "HTTP/2 200 OK"
2026-05-04 00:15:37,792 INFO HTTP Request: GET https://www.nemzeticegtar.hu/ceg-c0101000790.html "HTTP/2 200 OK"
2026-05-04 00:15:38,159 INFO HTTP Request: GET https://www.nemzeticegtar.hu/ceg-c0101000791.html "HTTP/2 200 OK"
2026-05-04 00:15:39,198 INFO HTTP Request: GET https://www.nemzeticegtar.hu/ceg-c0101000792.html "HTTP/2 200 OK"
2026-05-04 00:15:39,556 INFO HTTP Request: GET https://www.nemzeticegtar.hu/ceg-c0101000793.html "HTTP/2 200 OK"
2026-05-04 00:15:39,960 INFO HTTP Request: GET https://www.nemzeticegtar.hu/ceg-c0101000794.html "HTTP/2 200 OK"
2026-05-04 00:15:40,288 INFO HTTP Request: GET https://www.nemzeticegtar.hu/ceg-c0101000795.html "HTTP/2 200 OK"
2026-05-04 00:15:40,772 INFO HTTP Request: GET https://www.nemzeticegtar.hu/ceg-c0101000796.html "HTTP/2 200 OK"
2026-05-04 00:15:41,094 INFO HTTP Request: GET https://www.nemzeticegtar.hu/ceg-c0101000797.html "HTTP/2 200 OK"
2026-05-04 00:15:41,751 INFO HTTP Request: GET https://www.nemzeticegtar.hu/ceg-c0101000798.html "HTTP/2 200 OK"
2026-05-04 00:15:42,085 INFO HTTP Request: GET https://www.nemzeticegtar.hu/ceg-c0101000799.html "HTTP/2 200 OK"
2026-05-04 00:15:42,450 INFO HTTP Request: GET https://www.nemzeticegtar.hu/ceg-c0101000800.html "HTTP/2 200 OK"
2026-05-04 00:15:42,828 INFO HTTP Request: GET https://www.nemzeticegtar.hu/ceg-c0101000801.html "HTTP/2 200 OK"
2026-05-04 00:15:43,495 INFO HTTP Request: GET https://www.nemzeticegtar.hu/ceg-c0101000802.html "HTTP/2 200 OK"
2026-05-04 00:15:43,868 INFO HTTP Request: GET https://www.nemzeticegtar.hu/ceg-c0101000803.html "HTTP/2 200 OK"
2026-05-04 00:15:44,243 INFO HTTP Request: GET https://www.nemzeticegtar.hu/ceg-c0101000804.html "HTTP/2 200 OK"
2026-05-04 00:15:44,624 INFO HTTP Request: GET https://www.nemzeticegtar.hu/ceg-c0101000805.html "HTTP/2 200 OK"
2026-05-04 00:15:44,968 INFO HTTP Request: GET https://www.nemzeticegtar.hu/ceg-c0101000806.html "HTTP/2 200 OK"
2026-05-04 00:15:46,077 INFO HTTP Request: GET https://www.nemzeticegtar.hu/ceg-c0101000807.html "HTTP/2 200 OK"
2026-05-04 00:15:46,512 INFO HTTP Request: GET https://www.nemzeticegtar.hu/ceg-c0101000808.html "HTTP/2 200 OK"
2026-05-04 00:15:46,839 INFO HTTP Request: GET https://www.nemzeticegtar.hu/ceg-c0101000809.html "HTTP/2 200 OK"
2026-05-04 00:15:47,332 INFO HTTP Request: GET https://www.nemzeticegtar.hu/ceg-c0101000810.html "HTTP/2 200 OK"
2026-05-04 00:15:47,639 INFO HTTP Request: GET https://www.nemzeticegtar.hu/ceg-c0101000811.html "HTTP/2 200 OK"
2026-05-04 00:15:48,186 INFO HTTP Request: GET https://www.nemzeticegtar.hu/ceg-c0101000812.html "HTTP/2 200 OK"
2026-05-04 00:15:48,559 INFO HTTP Request: GET https://www.nemzeticegtar.hu/ceg-c0101000813.html "HTTP/2 200 OK"
2026-05-04 00:15:48,928 INFO HTTP Request: GET https://www.nemzeticegtar.hu/ceg-c0101000814.html "HTTP/2 200 OK"
2026-05-04 00:15:49,378 INFO HTTP Request: GET https://www.nemzeticegtar.hu/ceg-c0101000815.html "HTTP/2 200 OK"
2026-05-04 00:15:49,687 INFO HTTP Request: GET https://www.nemzeticegtar.hu/ceg-c0101000816.html "HTTP/2 200 OK"
2026-05-04 00:15:50,070 INFO HTTP Request: GET https://www.nemzeticegtar.hu/ceg-c0101000817.html "HTTP/2 200 OK"
2026-05-04 00:15:50,369 INFO HTTP Request: GET https://www.nemzeticegtar.hu/ceg-c0101000818.html "HTTP/2 200 OK"
2026-05-04 00:15:50,813 INFO HTTP Request: GET https://www.nemzeticegtar.hu/ceg-c0101000819.html "HTTP/2 200 OK"
2026-05-04 00:15:51,120 INFO HTTP Request: GET https://www.nemzeticegtar.hu/ceg-c0101000820.html "HTTP/2 200 OK"
2026-05-04 00:15:51,530 INFO HTTP Request: GET https://www.nemzeticegtar.hu/ceg-c0101000821.html "HTTP/2 200 OK"
2026-05-04 00:15:52,042 INFO HTTP Request: GET https://www.nemzeticegtar.hu/ceg-c0101000822.html "HTTP/2 200 OK"
2026-05-04 00:15:52,867 INFO HTTP Request: GET https://www.nemzeticegtar.hu/ceg-c0101000823.html "HTTP/2 200 OK"
2026-05-04 00:15:53,272 INFO HTTP Request: GET https://www.nemzeticegtar.hu/ceg-c0101000824.html "HTTP/2 200 OK"
2026-05-04 00:15:53,987 INFO HTTP Request: GET https://www.nemzeticegtar.hu/ceg-c0101000825.html "HTTP/2 200 OK"
2026-05-04 00:15:54,398 INFO HTTP Request: GET https://www.nemzeticegtar.hu/ceg-c0101000826.html "HTTP/2 200 OK"
2026-05-04 00:15:54,401 INFO HTTP Request: GET https://www.nemzeticegtar.hu/ceg-c0101000827.html "HTTP/2 200 OK"
2026-05-04 00:15:54,622 INFO HTTP Request: GET https://www.nemzeticegtar.hu/ceg-c0101000828.html "HTTP/2 200 OK"
2026-05-04 00:15:55,185 INFO HTTP Request: GET https://www.nemzeticegtar.hu/ceg-c0101000829.html "HTTP/2 200 OK"
2026-05-04 00:15:55,738 INFO HTTP Request: GET https://www.nemzeticegtar.hu/ceg-c0101000830.html "HTTP/2 200 OK"
2026-05-04 00:15:56,120 INFO HTTP Request: GET https://www.nemzeticegtar.hu/ceg-c0101000831.html "HTTP/2 200 OK"
2026-05-04 00:15:56,635 INFO HTTP Request: GET https://www.nemzeticegtar.hu/ceg-c0101000832.html "HTTP/2 200 OK"
2026-05-04 00:15:57,433 INFO HTTP Request: GET https://www.nemzeticegtar.hu/ceg-c0101000833.html "HTTP/2 200 OK"
2026-05-04 00:15:58,086 INFO HTTP Request: GET https://www.nemzeticegtar.hu/ceg-c0101000834.html "HTTP/2 200 OK"
2026-05-04 00:15:58,340 INFO HTTP Request: GET https://www.nemzeticegtar.hu/ceg-c0101000835.html "HTTP/2 200 OK"
2026-05-04 00:15:58,908 INFO HTTP Request: GET https://www.nemzeticegtar.hu/ceg-c0101000836.html "HTTP/2 200 OK"
2026-05-04 00:15:59,323 INFO HTTP Request: GET https://www.nemzeticegtar.hu/ceg-c0101000837.html "HTTP/2 200 OK"
2026-05-04 00:15:59,591 INFO HTTP Request: GET https://www.nemzeticegtar.hu/ceg-c0101000839.html "HTTP/2 200 OK"
2026-05-04 00:15:59,968 INFO HTTP Request: GET https://www.nemzeticegtar.hu/ceg-c0101000838.html "HTTP/2 200 OK"
2026-05-04 00:16:00,334 INFO HTTP Request: GET https://www.nemzeticegtar.hu/ceg-c0101000840.html "HTTP/2 200 OK"
2026-05-04 00:16:00,815 INFO HTTP Request: GET https://www.nemzeticegtar.hu/ceg-c0101000841.html "HTTP/2 200 OK"
2026-05-04 00:16:01,169 INFO HTTP Request: GET https://www.nemzeticegtar.hu/ceg-c0101000842.html "HTTP/2 200 OK"
2026-05-04 00:16:01,534 INFO HTTP Request: GET https://www.nemzeticegtar.hu/ceg-c0101000843.html "HTTP/2 200 OK"
2026-05-04 00:16:01,907 INFO HTTP Request: GET https://www.nemzeticegtar.hu/ceg-c0101000844.html "HTTP/2 200 OK"
2026-05-04 00:16:02,292 INFO HTTP Request: GET https://www.nemzeticegtar.hu/ceg-c0101000845.html "HTTP/2 200 OK"
2026-05-04 00:16:02,653 INFO HTTP Request: GET https://www.nemzeticegtar.hu/ceg-c0101000846.html "HTTP/2 200 OK"
2026-05-04 00:16:03,261 INFO HTTP Request: GET https://www.nemzeticegtar.hu/ceg-c0101000848.html "HTTP/2 200 OK"
2026-05-04 00:16:03,626 INFO HTTP Request: GET https://www.nemzeticegtar.hu/ceg-c0101000847.html "HTTP/2 200 OK"
2026-05-04 00:16:04,104 INFO HTTP Request: GET https://www.nemzeticegtar.hu/ceg-c0101000849.html "HTTP/2 200 OK"
2026-05-04 00:16:04,536 INFO HTTP Request: GET https://www.nemzeticegtar.hu/ceg-c0101000850.html "HTTP/2 200 OK"
2026-05-04 00:16:04,897 INFO HTTP Request: GET https://www.nemzeticegtar.hu/ceg-c0101000851.html "HTTP/2 200 OK"
2026-05-04 00:16:05,395 INFO HTTP Request: GET https://www.nemzeticegtar.hu/ceg-c0101000852.html "HTTP/2 200 OK"
2026-05-04 00:16:05,790 INFO HTTP Request: GET https://www.nemzeticegtar.hu/ceg-c0101000853.html "HTTP/2 200 OK"
2026-05-04 00:16:06,363 INFO HTTP Request: GET https://www.nemzeticegtar.hu/ceg-c0101000854.html "HTTP/2 200 OK"
2026-05-04 00:16:06,717 INFO HTTP Request: GET https://www.nemzeticegtar.hu/ceg-c0101000855.html "HTTP/2 200 OK"
2026-05-04 00:16:07,196 INFO HTTP Request: GET https://www.nemzeticegtar.hu/ceg-c0101000856.html "HTTP/2 200 OK"
2026-05-04 00:16:07,503 INFO HTTP Request: GET https://www.nemzeticegtar.hu/ceg-c0101000857.html "HTTP/2 200 OK"
2026-05-04 00:16:07,920 INFO HTTP Request: GET https://www.nemzeticegtar.hu/ceg-c0101000858.html "HTTP/2 200 OK"
2026-05-04 00:16:08,425 INFO HTTP Request: GET https://www.nemzeticegtar.hu/ceg-c0101000859.html "HTTP/2 200 OK"
2026-05-04 00:16:08,687 INFO HTTP Request: GET https://www.nemzeticegtar.hu/ceg-c0101000860.html "HTTP/2 200 OK"
2026-05-04 00:16:09,145 INFO HTTP Request: GET https://www.nemzeticegtar.hu/ceg-c0101000861.html "HTTP/2 200 OK"
2026-05-04 00:16:09,409 INFO HTTP Request: GET https://www.nemzeticegtar.hu/ceg-c0101000862.html "HTTP/2 200 OK"
2026-05-04 00:16:10,047 INFO HTTP Request: GET https://www.nemzeticegtar.hu/ceg-c0101000863.html "HTTP/2 200 OK"
2026-05-04 00:16:10,781 INFO HTTP Request: GET https://www.nemzeticegtar.hu/ceg-c0101000864.html "HTTP/2 200 OK"
2026-05-04 00:16:11,190 INFO HTTP Request: GET https://www.nemzeticegtar.hu/ceg-c0101000865.html "HTTP/2 200 OK"
2026-05-04 00:16:11,607 INFO HTTP Request: GET https://www.nemzeticegtar.hu/ceg-c0101000866.html "HTTP/2 200 OK"
2026-05-04 00:16:11,946 INFO HTTP Request: GET https://www.nemzeticegtar.hu/ceg-c0101000867.html "HTTP/2 200 OK"
2026-05-04 00:16:12,370 INFO HTTP Request: GET https://www.nemzeticegtar.hu/ceg-c0101000868.html "HTTP/2 200 OK"
2026-05-04 00:16:12,683 INFO HTTP Request: GET https://www.nemzeticegtar.hu/ceg-c0101000869.html "HTTP/2 200 OK"
2026-05-04 00:16:13,051 INFO HTTP Request: GET https://www.nemzeticegtar.hu/ceg-c0101000870.html "HTTP/2 200 OK"
2026-05-04 00:16:13,417 INFO HTTP Request: GET https://www.nemzeticegtar.hu/ceg-c0101000871.html "HTTP/2 200 OK"
2026-05-04 00:16:13,853 INFO HTTP Request: GET https://www.nemzeticegtar.hu/ceg-c0101000872.html "HTTP/2 200 OK"
2026-05-04 00:16:14,267 INFO HTTP Request: GET https://www.nemzeticegtar.hu/ceg-c0101000873.html "HTTP/2 200 OK"
2026-05-04 00:16:15,042 INFO HTTP Request: GET https://www.nemzeticegtar.hu/ceg-c0101000874.html "HTTP/2 200 OK"
2026-05-04 00:16:15,625 INFO HTTP Request: GET https://www.nemzeticegtar.hu/ceg-c0101000875.html "HTTP/2 200 OK"
2026-05-04 00:16:16,119 INFO HTTP Request: GET https://www.nemzeticegtar.hu/ceg-c0101000876.html "HTTP/2 200 OK"
2026-05-04 00:16:16,425 INFO HTTP Request: GET https://www.nemzeticegtar.hu/ceg-c0101000877.html "HTTP/2 200 OK"
2026-05-04 00:16:16,761 INFO HTTP Request: GET https://www.nemzeticegtar.hu/ceg-c0101000878.html "HTTP/2 200 OK"
2026-05-04 00:16:17,328 INFO HTTP Request: GET https://www.nemzeticegtar.hu/ceg-c0101000879.html "HTTP/2 200 OK"
2026-05-04 00:16:17,750 INFO HTTP Request: GET https://www.nemzeticegtar.hu/ceg-c0101000880.html "HTTP/2 200 OK"
2026-05-04 00:16:18,533 INFO HTTP Request: GET https://www.nemzeticegtar.hu/ceg-c0101000881.html "HTTP/2 200 OK"
2026-05-04 00:16:18,974 INFO HTTP Request: GET https://www.nemzeticegtar.hu/ceg-c0101000882.html "HTTP/2 200 OK"
2026-05-04 00:16:19,279 INFO HTTP Request: GET https://www.nemzeticegtar.hu/ceg-c0101000883.html "HTTP/2 200 OK"
2026-05-04 00:16:19,638 INFO HTTP Request: GET https://www.nemzeticegtar.hu/ceg-c0101000884.html "HTTP/2 200 OK"
2026-05-04 00:16:19,984 INFO HTTP Request: GET https://www.nemzeticegtar.hu/ceg-c0101000885.html "HTTP/2 200 OK"
2026-05-04 00:16:20,406 INFO HTTP Request: GET https://www.nemzeticegtar.hu/ceg-c0101000886.html "HTTP/2 200 OK"
2026-05-04 00:16:20,718 INFO HTTP Request: GET https://www.nemzeticegtar.hu/ceg-c0101000887.html "HTTP/2 200 OK"
2026-05-04 00:16:21,127 INFO HTTP Request: GET https://www.nemzeticegtar.hu/ceg-c0101000888.html "HTTP/2 200 OK"
2026-05-04 00:16:21,488 INFO HTTP Request: GET https://www.nemzeticegtar.hu/ceg-c0101000889.html "HTTP/2 200 OK"
2026-05-04 00:16:21,832 INFO HTTP Request: GET https://www.nemzeticegtar.hu/ceg-c0101000890.html "HTTP/2 200 OK"
2026-05-04 00:16:22,660 INFO HTTP Request: GET https://www.nemzeticegtar.hu/ceg-c0101000891.html "HTTP/2 200 OK"
2026-05-04 00:16:22,662 INFO HTTP Request: GET https://www.nemzeticegtar.hu/ceg-c0101000892.html "HTTP/2 200 OK"
2026-05-04 00:16:22,973 INFO HTTP Request: GET https://www.nemzeticegtar.hu/ceg-c0101000893.html "HTTP/2 200 OK"
2026-05-04 00:16:23,824 INFO HTTP Request: GET https://www.nemzeticegtar.hu/ceg-c0101000894.html "HTTP/2 200 OK"
2026-05-04 00:16:24,106 INFO HTTP Request: GET https://www.nemzeticegtar.hu/ceg-c0101000895.html "HTTP/2 200 OK"
2026-05-04 00:16:24,467 INFO HTTP Request: GET https://www.nemzeticegtar.hu/ceg-c0101000896.html "HTTP/2 200 OK"
2026-05-04 00:16:24,834 INFO HTTP Request: GET https://www.nemzeticegtar.hu/ceg-c0101000897.html "HTTP/2 200 OK"
2026-05-04 00:16:25,220 INFO HTTP Request: GET https://www.nemzeticegtar.hu/ceg-c0101000898.html "HTTP/2 200 OK"
2026-05-04 00:16:25,558 INFO HTTP Request: GET https://www.nemzeticegtar.hu/ceg-c0101000899.html "HTTP/2 200 OK"
2026-05-04 00:16:26,334 INFO HTTP Request: GET https://www.nemzeticegtar.hu/ceg-c0101000900.html "HTTP/2 200 OK"
2026-05-04 00:16:26,755 INFO HTTP Request: GET https://www.nemzeticegtar.hu/ceg-c0101000901.html "HTTP/2 200 OK"
2026-05-04 00:16:27,100 INFO HTTP Request: GET https://www.nemzeticegtar.hu/ceg-c0101000902.html "HTTP/2 200 OK"
2026-05-04 00:16:27,471 INFO HTTP Request: GET https://www.nemzeticegtar.hu/ceg-c0101000903.html "HTTP/2 200 OK"
2026-05-04 00:16:27,826 INFO HTTP Request: GET https://www.nemzeticegtar.hu/ceg-c0101000904.html "HTTP/2 200 OK"
2026-05-04 00:16:28,706 INFO HTTP Request: GET https://www.nemzeticegtar.hu/ceg-c0101000905.html "HTTP/2 200 OK"
2026-05-04 00:16:29,117 INFO HTTP Request: GET https://www.nemzeticegtar.hu/ceg-c0101000906.html "HTTP/2 200 OK"
2026-05-04 00:16:29,475 INFO HTTP Request: GET https://www.nemzeticegtar.hu/ceg-c0101000907.html "HTTP/2 200 OK"
2026-05-04 00:16:29,929 INFO HTTP Request: GET https://www.nemzeticegtar.hu/ceg-c0101000908.html "HTTP/2 200 OK"
2026-05-04 00:16:30,238 INFO HTTP Request: GET https://www.nemzeticegtar.hu/ceg-c0101000909.html "HTTP/2 200 OK"
2026-05-04 00:16:30,573 INFO HTTP Request: GET https://www.nemzeticegtar.hu/ceg-c0101000910.html "HTTP/2 200 OK"
2026-05-04 00:16:31,059 INFO HTTP Request: GET https://www.nemzeticegtar.hu/ceg-c0101000911.html "HTTP/2 200 OK"
2026-05-04 00:16:31,427 INFO HTTP Request: GET https://www.nemzeticegtar.hu/ceg-c0101000912.html "HTTP/2 200 OK"
2026-05-04 00:16:32,094 INFO HTTP Request: GET https://www.nemzeticegtar.hu/ceg-c0101000913.html "HTTP/2 200 OK"
2026-05-04 00:16:32,487 INFO HTTP Request: GET https://www.nemzeticegtar.hu/ceg-c0101000914.html "HTTP/2 200 OK"
2026-05-04 00:16:32,900 INFO HTTP Request: GET https://www.nemzeticegtar.hu/ceg-c0101000915.html "HTTP/2 200 OK"
2026-05-04 00:16:33,217 INFO HTTP Request: GET https://www.nemzeticegtar.hu/ceg-c0101000916.html "HTTP/2 200 OK"
2026-05-04 00:16:33,578 INFO HTTP Request: GET https://www.nemzeticegtar.hu/ceg-c0101000917.html "HTTP/2 200 OK"
2026-05-04 00:16:33,948 INFO HTTP Request: GET https://www.nemzeticegtar.hu/ceg-c0101000918.html "HTTP/2 200 OK"
2026-05-04 00:16:34,692 INFO HTTP Request: GET https://www.nemzeticegtar.hu/ceg-c0101000921.html "HTTP/2 200 OK"
2026-05-04 00:16:34,693 INFO HTTP Request: GET https://www.nemzeticegtar.hu/ceg-c0101000919.html "HTTP/2 200 OK"
2026-05-04 00:16:35,041 INFO HTTP Request: GET https://www.nemzeticegtar.hu/ceg-c0101000920.html "HTTP/2 200 OK"
2026-05-04 00:16:35,790 INFO HTTP Request: GET https://www.nemzeticegtar.hu/ceg-c0101000922.html "HTTP/2 200 OK"
2026-05-04 00:16:36,516 INFO HTTP Request: GET https://www.nemzeticegtar.hu/ceg-c0101000923.html "HTTP/2 200 OK"
2026-05-04 00:16:36,519 INFO HTTP Request: GET https://www.nemzeticegtar.hu/ceg-c0101000924.html "HTTP/2 200 OK"
2026-05-04 00:16:36,932 INFO HTTP Request: GET https://www.nemzeticegtar.hu/ceg-c0101000925.html "HTTP/2 200 OK"
2026-05-04 00:16:37,746 INFO HTTP Request: GET https://www.nemzeticegtar.hu/ceg-c0101000926.html "HTTP/2 200 OK"
2026-05-04 00:16:38,142 INFO HTTP Request: GET https://www.nemzeticegtar.hu/ceg-c0101000927.html "HTTP/2 200 OK"
2026-05-04 00:16:38,700 INFO HTTP Request: GET https://www.nemzeticegtar.hu/ceg-c0101000928.html "HTTP/2 200 OK"
2026-05-04 00:16:39,145 INFO HTTP Request: GET https://www.nemzeticegtar.hu/ceg-c0101000929.html "HTTP/2 200 OK"
2026-05-04 00:16:39,452 INFO HTTP Request: GET https://www.nemzeticegtar.hu/ceg-c0101000930.html "HTTP/2 200 OK"
2026-05-04 00:16:39,862 INFO HTTP Request: GET https://www.nemzeticegtar.hu/ceg-c0101000931.html "HTTP/2 200 OK"
2026-05-04 00:16:40,144 INFO HTTP Request: GET https://www.nemzeticegtar.hu/ceg-c0101000932.html "HTTP/2 200 OK"
2026-05-04 00:16:40,790 INFO HTTP Request: GET https://www.nemzeticegtar.hu/ceg-c0101000933.html "HTTP/2 200 OK"
2026-05-04 00:16:41,194 INFO HTTP Request: GET https://www.nemzeticegtar.hu/ceg-c0101000934.html "HTTP/2 200 OK"
2026-05-04 00:16:41,586 INFO HTTP Request: GET https://www.nemzeticegtar.hu/ceg-c0101000935.html "HTTP/2 200 OK"
2026-05-04 00:16:41,910 INFO HTTP Request: GET https://www.nemzeticegtar.hu/ceg-c0101000936.html "HTTP/2 200 OK"
2026-05-04 00:16:42,254 INFO HTTP Request: GET https://www.nemzeticegtar.hu/ceg-c0101000937.html "HTTP/2 200 OK"
2026-05-04 00:16:42,933 INFO HTTP Request: GET https://www.nemzeticegtar.hu/ceg-c0101000938.html "HTTP/2 200 OK"
2026-05-04 00:16:43,343 INFO HTTP Request: GET https://www.nemzeticegtar.hu/ceg-c0101000939.html "HTTP/2 200 OK"
2026-05-04 00:16:43,651 INFO HTTP Request: GET https://www.nemzeticegtar.hu/ceg-c0101000940.html "HTTP/2 200 OK"
2026-05-04 00:16:44,066 INFO HTTP Request: GET https://www.nemzeticegtar.hu/ceg-c0101000941.html "HTTP/2 200 OK"
2026-05-04 00:16:45,091 INFO HTTP Request: GET https://www.nemzeticegtar.hu/ceg-c0101000942.html "HTTP/2 200 OK"
2026-05-04 00:16:45,499 INFO HTTP Request: GET https://www.nemzeticegtar.hu/ceg-c0101000943.html "HTTP/2 200 OK"
2026-05-04 00:16:45,902 INFO HTTP Request: GET https://www.nemzeticegtar.hu/ceg-c0101000944.html "HTTP/2 200 OK"
2026-05-04 00:16:46,211 INFO HTTP Request: GET https://www.nemzeticegtar.hu/ceg-c0101000946.html "HTTP/2 200 OK"
2026-05-04 00:16:47,036 INFO HTTP Request: GET https://www.nemzeticegtar.hu/ceg-c0101000945.html "HTTP/2 200 OK"
2026-05-04 00:16:47,099 INFO HTTP Request: GET https://www.nemzeticegtar.hu/ceg-c0101000947.html "HTTP/2 200 OK"
2026-05-04 00:16:47,279 INFO HTTP Request: GET https://www.nemzeticegtar.hu/ceg-c0101000948.html "HTTP/2 200 OK"
2026-05-04 00:16:47,970 INFO HTTP Request: GET https://www.nemzeticegtar.hu/ceg-c0101000949.html "HTTP/2 200 OK"
2026-05-04 00:16:48,279 INFO HTTP Request: GET https://www.nemzeticegtar.hu/ceg-c0101000950.html "HTTP/2 200 OK"
2026-05-04 00:16:48,635 INFO HTTP Request: GET https://www.nemzeticegtar.hu/ceg-c0101000951.html "HTTP/2 200 OK"
2026-05-04 00:16:49,934 INFO HTTP Request: GET https://www.nemzeticegtar.hu/ceg-c0101000952.html "HTTP/2 200 OK"
2026-05-04 00:16:50,299 INFO HTTP Request: GET https://www.nemzeticegtar.hu/ceg-c0101000953.html "HTTP/2 200 OK"
2026-05-04 00:16:50,659 INFO HTTP Request: GET https://www.nemzeticegtar.hu/ceg-c0101000954.html "HTTP/2 200 OK"
2026-05-04 00:16:51,126 INFO HTTP Request: GET https://www.nemzeticegtar.hu/ceg-c0101000955.html "HTTP/2 200 OK"
2026-05-04 00:16:51,534 INFO HTTP Request: GET https://www.nemzeticegtar.hu/ceg-c0101000956.html "HTTP/2 200 OK"
2026-05-04 00:16:51,843 INFO HTTP Request: GET https://www.nemzeticegtar.hu/ceg-c0101000957.html "HTTP/2 200 OK"
2026-05-04 00:16:52,252 INFO HTTP Request: GET https://www.nemzeticegtar.hu/ceg-c0101000958.html "HTTP/2 200 OK"
2026-05-04 00:16:52,560 INFO HTTP Request: GET https://www.nemzeticegtar.hu/ceg-c0101000959.html "HTTP/2 200 OK"
2026-05-04 00:16:53,378 INFO HTTP Request: GET https://www.nemzeticegtar.hu/ceg-c0101000960.html "HTTP/2 200 OK"
2026-05-04 00:16:53,726 INFO HTTP Request: GET https://www.nemzeticegtar.hu/ceg-c0101000961.html "HTTP/2 200 OK"
2026-05-04 00:16:54,095 INFO HTTP Request: GET https://www.nemzeticegtar.hu/ceg-c0101000962.html "HTTP/2 200 OK"
2026-05-04 00:16:54,426 INFO HTTP Request: GET https://www.nemzeticegtar.hu/ceg-c0101000963.html "HTTP/2 200 OK"
2026-05-04 00:16:54,812 INFO HTTP Request: GET https://www.nemzeticegtar.hu/ceg-c0101000964.html "HTTP/2 200 OK"
2026-05-04 00:16:55,178 INFO HTTP Request: GET https://www.nemzeticegtar.hu/ceg-c0101000965.html "HTTP/2 200 OK"
2026-05-04 00:16:55,607 INFO HTTP Request: GET https://www.nemzeticegtar.hu/ceg-c0101000966.html "HTTP/2 200 OK"
2026-05-04 00:16:56,023 INFO HTTP Request: GET https://www.nemzeticegtar.hu/ceg-c0101000967.html "HTTP/2 200 OK"
2026-05-04 00:16:56,327 INFO HTTP Request: GET https://www.nemzeticegtar.hu/ceg-c0101000968.html "HTTP/2 200 OK"
2026-05-04 00:16:57,028 INFO HTTP Request: GET https://www.nemzeticegtar.hu/ceg-c0101000970.html "HTTP/2 200 OK"
2026-05-04 00:16:57,310 INFO HTTP Request: GET https://www.nemzeticegtar.hu/ceg-c0101000971.html "HTTP/2 200 OK"
2026-05-04 00:16:58,080 INFO HTTP Request: GET https://www.nemzeticegtar.hu/ceg-c0101000969.html "HTTP/2 200 OK"
2026-05-04 00:16:58,082 INFO HTTP Request: GET https://www.nemzeticegtar.hu/ceg-c0101000972.html "HTTP/2 200 OK"
2026-05-04 00:16:58,500 INFO HTTP Request: GET https://www.nemzeticegtar.hu/ceg-c0101000973.html "HTTP/2 200 OK"
2026-05-04 00:16:58,817 INFO HTTP Request: GET https://www.nemzeticegtar.hu/ceg-c0101000974.html "HTTP/2 200 OK"
2026-05-04 00:16:59,216 INFO HTTP Request: GET https://www.nemzeticegtar.hu/ceg-c0101000975.html "HTTP/2 200 OK"
2026-05-04 00:17:00,036 INFO HTTP Request: GET https://www.nemzeticegtar.hu/ceg-c0101000976.html "HTTP/2 200 OK"
2026-05-04 00:17:00,331 INFO HTTP Request: GET https://www.nemzeticegtar.hu/ceg-c0101000977.html "HTTP/2 200 OK"
2026-05-04 00:17:01,165 INFO HTTP Request: GET https://www.nemzeticegtar.hu/ceg-c0101000978.html "HTTP/2 200 OK"
2026-05-04 00:17:01,520 INFO HTTP Request: GET https://www.nemzeticegtar.hu/ceg-c0101000979.html "HTTP/2 200 OK"
2026-05-04 00:17:01,901 INFO HTTP Request: GET https://www.nemzeticegtar.hu/ceg-c0101000980.html "HTTP/2 200 OK"
2026-05-04 00:17:02,296 INFO HTTP Request: GET https://www.nemzeticegtar.hu/ceg-c0101000981.html "HTTP/2 200 OK"
2026-05-04 00:17:02,696 INFO HTTP Request: GET https://www.nemzeticegtar.hu/ceg-c0101000982.html "HTTP/2 200 OK"
2026-05-04 00:17:03,106 INFO HTTP Request: GET https://www.nemzeticegtar.hu/ceg-c0101000983.html "HTTP/2 200 OK"
2026-05-04 00:17:03,925 INFO HTTP Request: GET https://www.nemzeticegtar.hu/ceg-c0101000984.html "HTTP/2 200 OK"
2026-05-04 00:17:04,257 INFO HTTP Request: GET https://www.nemzeticegtar.hu/ceg-c0101000985.html "HTTP/2 200 OK"
2026-05-04 00:17:04,798 INFO HTTP Request: GET https://www.nemzeticegtar.hu/ceg-c0101000987.html "HTTP/2 200 OK"
2026-05-04 00:17:05,256 INFO HTTP Request: GET https://www.nemzeticegtar.hu/ceg-c0101000986.html "HTTP/2 200 OK"
2026-05-04 00:17:05,541 INFO HTTP Request: GET https://www.nemzeticegtar.hu/ceg-c0101000988.html "HTTP/2 200 OK"
2026-05-04 00:17:05,910 INFO HTTP Request: GET https://www.nemzeticegtar.hu/ceg-c0101000989.html "HTTP/2 200 OK"
2026-05-04 00:17:06,280 INFO HTTP Request: GET https://www.nemzeticegtar.hu/ceg-c0101000990.html "HTTP/2 200 OK"
2026-05-04 00:17:06,698 INFO HTTP Request: GET https://www.nemzeticegtar.hu/ceg-c0101000991.html "HTTP/2 200 OK"
2026-05-04 00:17:07,022 INFO HTTP Request: GET https://www.nemzeticegtar.hu/ceg-c0101000992.html "HTTP/2 200 OK"
2026-05-04 00:17:07,407 INFO HTTP Request: GET https://www.nemzeticegtar.hu/ceg-c0101000993.html "HTTP/2 200 OK"
2026-05-04 00:17:07,777 INFO HTTP Request: GET https://www.nemzeticegtar.hu/ceg-c0101000994.html "HTTP/2 200 OK"
2026-05-04 00:17:08,236 INFO HTTP Request: GET https://www.nemzeticegtar.hu/ceg-c0101000995.html "HTTP/2 200 OK"
2026-05-04 00:17:08,532 INFO HTTP Request: GET https://www.nemzeticegtar.hu/ceg-c0101000996.html "HTTP/2 200 OK"
2026-05-04 00:17:09,290 INFO HTTP Request: GET https://www.nemzeticegtar.hu/ceg-c0101000997.html "HTTP/2 200 OK"
2026-05-04 00:17:09,659 INFO HTTP Request: GET https://www.nemzeticegtar.hu/ceg-c0101000998.html "HTTP/2 200 OK"
2026-05-04 00:17:10,024 INFO HTTP Request: GET https://www.nemzeticegtar.hu/ceg-c0101000999.html "HTTP/2 200 OK"
2026-05-04 00:17:10,383 INFO HTTP Request: GET https://www.nemzeticegtar.hu/ceg-c0101001000.html "HTTP/2 200 OK"
2026-05-04 00:17:10,458 INFO Progress — saved: 1000 | not_found: 0 | failed: 0
2026-05-04 00:17:10,788 INFO HTTP Request: GET https://www.nemzeticegtar.hu/ceg-c0101001001.html "HTTP/2 200 OK"
2026-05-04 00:17:11,116 INFO HTTP Request: GET https://www.nemzeticegtar.hu/ceg-c0101001002.html "HTTP/2 200 OK"
2026-05-04 00:17:11,480 INFO HTTP Request: GET https://www.nemzeticegtar.hu/ceg-c0101001003.html "HTTP/2 200 OK"
2026-05-04 00:17:11,914 INFO HTTP Request: GET https://www.nemzeticegtar.hu/ceg-c0101001004.html "HTTP/2 200 OK"
2026-05-04 00:17:12,348 INFO HTTP Request: GET https://www.nemzeticegtar.hu/ceg-c0101001005.html "HTTP/2 200 OK"
2026-05-04 00:17:12,631 INFO HTTP Request: GET https://www.nemzeticegtar.hu/ceg-c0101001006.html "HTTP/2 200 OK"
2026-05-04 00:17:12,994 INFO HTTP Request: GET https://www.nemzeticegtar.hu/ceg-c0101001007.html "HTTP/2 200 OK"
2026-05-04 00:17:13,448 INFO HTTP Request: GET https://www.nemzeticegtar.hu/ceg-c0101001008.html "HTTP/2 200 OK"
2026-05-04 00:17:14,120 INFO HTTP Request: GET https://www.nemzeticegtar.hu/ceg-c0101001009.html "HTTP/2 200 OK"
2026-05-04 00:17:14,882 INFO HTTP Request: GET https://www.nemzeticegtar.hu/ceg-c0101001010.html "HTTP/2 200 OK"
2026-05-04 00:17:15,291 INFO HTTP Request: GET https://www.nemzeticegtar.hu/ceg-c0101001011.html "HTTP/2 200 OK"
2026-05-04 00:17:15,706 INFO HTTP Request: GET https://www.nemzeticegtar.hu/ceg-c0101001013.html "HTTP/2 200 OK"
2026-05-04 00:17:16,541 INFO HTTP Request: GET https://www.nemzeticegtar.hu/ceg-c0101001012.html "HTTP/2 200 OK"
2026-05-04 00:17:17,639 INFO HTTP Request: GET https://www.nemzeticegtar.hu/ceg-c0101001014.html "HTTP/2 200 OK"
2026-05-04 00:17:17,642 INFO HTTP Request: GET https://www.nemzeticegtar.hu/ceg-c0101001015.html "HTTP/2 200 OK"
2026-05-04 00:17:17,645 INFO HTTP Request: GET https://www.nemzeticegtar.hu/ceg-c0101001016.html "HTTP/2 200 OK"
2026-05-04 00:17:18,059 INFO HTTP Request: GET https://www.nemzeticegtar.hu/ceg-c0101001017.html "HTTP/2 200 OK"
2026-05-04 00:17:18,479 INFO HTTP Request: GET https://www.nemzeticegtar.hu/ceg-c0101001018.html "HTTP/2 200 OK"
2026-05-04 00:17:18,757 INFO HTTP Request: GET https://www.nemzeticegtar.hu/ceg-c0101001019.html "HTTP/2 200 OK"
2026-05-04 00:17:19,290 INFO HTTP Request: GET https://www.nemzeticegtar.hu/ceg-c0101001020.html "HTTP/2 200 OK"
2026-05-04 00:17:20,267 INFO HTTP Request: GET https://www.nemzeticegtar.hu/ceg-c0101001021.html "HTTP/2 200 OK"
2026-05-04 00:17:20,719 INFO HTTP Request: GET https://www.nemzeticegtar.hu/ceg-c0101001022.html "HTTP/2 200 OK"
2026-05-04 00:17:20,995 INFO HTTP Request: GET https://www.nemzeticegtar.hu/ceg-c0101001023.html "HTTP/2 200 OK"
2026-05-04 00:17:21,435 INFO HTTP Request: GET https://www.nemzeticegtar.hu/ceg-c0101001024.html "HTTP/2 200 OK"
2026-05-04 00:17:21,769 INFO HTTP Request: GET https://www.nemzeticegtar.hu/ceg-c0101001025.html "HTTP/2 200 OK"
2026-05-04 00:17:22,155 INFO HTTP Request: GET https://www.nemzeticegtar.hu/ceg-c0101001026.html "HTTP/2 200 OK"
2026-05-04 00:17:22,562 INFO HTTP Request: GET https://www.nemzeticegtar.hu/ceg-c0101001027.html "HTTP/2 200 OK"
2026-05-04 00:17:22,873 INFO HTTP Request: GET https://www.nemzeticegtar.hu/ceg-c0101001028.html "HTTP/2 200 OK"
2026-05-04 00:17:23,278 INFO HTTP Request: GET https://www.nemzeticegtar.hu/ceg-c0101001029.html "HTTP/2 200 OK"
2026-05-04 00:17:23,587 INFO HTTP Request: GET https://www.nemzeticegtar.hu/ceg-c0101001030.html "HTTP/2 200 OK"
2026-05-04 00:17:23,997 INFO HTTP Request: GET https://www.nemzeticegtar.hu/ceg-c0101001031.html "HTTP/2 200 OK"
2026-05-04 00:17:24,712 INFO HTTP Request: GET https://www.nemzeticegtar.hu/ceg-c0101001032.html "HTTP/2 200 OK"
2026-05-04 00:17:25,165 INFO HTTP Request: GET https://www.nemzeticegtar.hu/ceg-c0101001033.html "HTTP/2 200 OK"
2026-05-04 00:17:25,533 INFO HTTP Request: GET https://www.nemzeticegtar.hu/ceg-c0101001034.html "HTTP/2 200 OK"
2026-05-04 00:17:25,940 INFO HTTP Request: GET https://www.nemzeticegtar.hu/ceg-c0101001035.html "HTTP/2 200 OK"
2026-05-04 00:17:26,270 INFO HTTP Request: GET https://www.nemzeticegtar.hu/ceg-c0101001036.html "HTTP/2 200 OK"
2026-05-04 00:17:26,632 INFO HTTP Request: GET https://www.nemzeticegtar.hu/ceg-c0101001037.html "HTTP/2 200 OK"
2026-05-04 00:17:27,067 INFO HTTP Request: GET https://www.nemzeticegtar.hu/ceg-c0101001039.html "HTTP/2 200 OK"
2026-05-04 00:17:27,478 INFO HTTP Request: GET https://www.nemzeticegtar.hu/ceg-c0101001038.html "HTTP/2 200 OK"
2026-05-04 00:17:28,019 INFO HTTP Request: GET https://www.nemzeticegtar.hu/ceg-c0101001040.html "HTTP/2 200 OK"
2026-05-04 00:17:28,300 INFO HTTP Request: GET https://www.nemzeticegtar.hu/ceg-c0101001041.html "HTTP/2 200 OK"
2026-05-04 00:17:28,730 INFO HTTP Request: GET https://www.nemzeticegtar.hu/ceg-c0101001042.html "HTTP/2 200 OK"
2026-05-04 00:17:29,126 INFO HTTP Request: GET https://www.nemzeticegtar.hu/ceg-c0101001043.html "HTTP/2 200 OK"
2026-05-04 00:17:29,923 INFO HTTP Request: GET https://www.nemzeticegtar.hu/ceg-c0101001044.html "HTTP/2 200 OK"
2026-05-04 00:25:40,747 INFO Test mode: Scraping single entity 0109331320
2026-05-04 00:25:42,266 INFO HTTP Request: GET https://www.nemzeticegtar.hu/ceg-c0109331320.html "HTTP/2 200 OK"
2026-05-04 00:25:42,410 INFO Exported to cegtar.csv
2026-05-04 00:26:45,932 INFO HTTP Request: GET https://www.nemzeticegtar.hu/ceg-c0512010644.html "HTTP/2 200 OK"
2026-05-04 00:26:45,936 INFO HTTP Request: GET https://www.nemzeticegtar.hu/ceg-c1819000553.html "HTTP/2 200 OK"
2026-05-04 00:26:45,971 INFO HTTP Request: GET https://www.nemzeticegtar.hu/ceg-c1219041565.html "HTTP/2 200 OK"
2026-05-04 00:26:45,986 INFO HTTP Request: GET https://www.nemzeticegtar.hu/ceg-c0409092465.html "HTTP/2 200 OK"
2026-05-04 00:26:50,646 INFO HTTP Request: GET https://www.nemzeticegtar.hu/ceg-c0813030582.html "HTTP/2 200 OK"
2026-05-04 00:26:51,069 INFO HTTP Request: GET https://www.nemzeticegtar.hu/ceg-c0231074711.html "HTTP/2 200 OK"
2026-05-04 00:26:52,012 INFO HTTP Request: GET https://www.nemzeticegtar.hu/ceg-c2018075679.html "HTTP/2 200 OK"
2026-05-04 00:26:53,049 INFO HTTP Request: GET https://www.nemzeticegtar.hu/ceg-c1019007617.html "HTTP/2 200 OK"
2026-05-04 00:26:55,694 INFO HTTP Request: GET https://www.nemzeticegtar.hu/ceg-c0414003832.html "HTTP/2 200 OK"
2026-05-04 00:26:57,159 INFO HTTP Request: GET https://www.nemzeticegtar.hu/ceg-c0418090844.html "HTTP/2 200 OK"
2026-05-04 00:26:57,736 INFO HTTP Request: GET https://www.nemzeticegtar.hu/ceg-c0814054450.html "HTTP/2 200 OK"
2026-05-04 00:26:59,764 INFO HTTP Request: GET https://www.nemzeticegtar.hu/ceg-c0717014307.html "HTTP/2 200 OK"
2026-05-04 00:27:01,520 INFO HTTP Request: GET https://www.nemzeticegtar.hu/ceg-c0309016508.html "HTTP/2 200 OK"
2026-05-04 00:27:01,890 INFO HTTP Request: GET https://www.nemzeticegtar.hu/ceg-c1031093448.html "HTTP/2 200 OK"
2026-05-04 00:27:02,929 INFO HTTP Request: GET https://www.nemzeticegtar.hu/ceg-c1431011993.html "HTTP/2 200 OK"
2026-05-04 00:27:06,571 INFO HTTP Request: GET https://www.nemzeticegtar.hu/ceg-c0510041326.html "HTTP/2 200 OK"
2026-05-04 00:27:06,931 INFO HTTP Request: GET https://www.nemzeticegtar.hu/ceg-c0114028457.html "HTTP/2 200 OK"
2026-05-04 00:27:08,167 INFO HTTP Request: GET https://www.nemzeticegtar.hu/ceg-c1302037630.html "HTTP/2 200 OK"
2026-05-04 00:27:08,791 INFO HTTP Request: GET https://www.nemzeticegtar.hu/ceg-c1010058737.html "HTTP/2 200 OK"
2026-05-04 00:27:12,441 INFO HTTP Request: GET https://www.nemzeticegtar.hu/ceg-c0719030544.html "HTTP/2 200 OK"
2026-05-04 00:27:12,955 INFO HTTP Request: GET https://www.nemzeticegtar.hu/ceg-c1120081473.html "HTTP/2 200 OK"
2026-05-04 00:27:13,399 INFO HTTP Request: GET https://www.nemzeticegtar.hu/ceg-c1619024737.html "HTTP/2 200 OK"
2026-05-04 00:27:13,706 INFO HTTP Request: GET https://www.nemzeticegtar.hu/ceg-c0418070710.html "HTTP/2 200 OK"
2026-05-04 00:27:18,011 INFO HTTP Request: GET https://www.nemzeticegtar.hu/ceg-c1101095301.html "HTTP/2 200 OK"
2026-05-04 00:27:18,418 INFO HTTP Request: GET https://www.nemzeticegtar.hu/ceg-c0714077762.html "HTTP/2 200 OK"
2026-05-04 00:27:20,159 INFO HTTP Request: GET https://www.nemzeticegtar.hu/ceg-c0714044216.html "HTTP/2 200 OK"
2026-05-04 00:27:20,500 INFO HTTP Request: GET https://www.nemzeticegtar.hu/ceg-c0310023953.html "HTTP/2 200 OK"
2026-05-04 00:27:21,907 INFO HTTP Request: GET https://www.nemzeticegtar.hu/ceg-c1801000330.html "HTTP/2 200 OK"
2026-05-04 00:27:25,484 INFO HTTP Request: GET https://www.nemzeticegtar.hu/ceg-c1618013409.html "HTTP/2 200 OK"
2026-05-04 00:27:26,387 INFO HTTP Request: GET https://www.nemzeticegtar.hu/ceg-c1502095165.html "HTTP/2 200 OK"
2026-05-04 00:27:27,807 INFO HTTP Request: GET https://www.nemzeticegtar.hu/ceg-c1010052380.html "HTTP/2 200 OK"
2026-05-04 00:27:28,758 INFO HTTP Request: GET https://www.nemzeticegtar.hu/ceg-c1732071863.html "HTTP/2 200 OK"
2026-05-04 00:27:30,534 INFO HTTP Request: GET https://www.nemzeticegtar.hu/ceg-c1502050313.html "HTTP/2 200 OK"
2026-05-04 00:27:30,909 INFO HTTP Request: GET https://www.nemzeticegtar.hu/ceg-c2021009542.html "HTTP/2 200 OK"
2026-05-04 00:27:31,932 INFO HTTP Request: GET https://www.nemzeticegtar.hu/ceg-c1602090330.html "HTTP/2 200 OK"
2026-05-04 00:27:34,596 INFO HTTP Request: GET https://www.nemzeticegtar.hu/ceg-c0317074176.html "HTTP/2 200 OK"
2026-05-04 00:27:34,903 INFO HTTP Request: GET https://www.nemzeticegtar.hu/ceg-c1717080692.html "HTTP/2 200 OK"
2026-05-04 00:27:38,360 INFO HTTP Request: GET https://www.nemzeticegtar.hu/ceg-c1731078816.html "HTTP/2 200 OK"
2026-05-04 00:27:38,805 INFO HTTP Request: GET https://www.nemzeticegtar.hu/ceg-c1602033106.html "HTTP/2 200 OK"
2026-05-04 00:27:39,130 INFO HTTP Request: GET https://www.nemzeticegtar.hu/ceg-c0313003024.html "HTTP/2 200 OK"
2026-05-04 00:27:41,761 INFO HTTP Request: GET https://www.nemzeticegtar.hu/ceg-c1411050338.html "HTTP/2 200 OK"
2026-05-04 00:27:44,017 INFO HTTP Request: GET https://www.nemzeticegtar.hu/ceg-c1219060689.html "HTTP/2 200 OK"
2026-05-04 00:27:45,124 INFO HTTP Request: GET https://www.nemzeticegtar.hu/ceg-c1932030799.html "HTTP/2 200 OK"
2026-05-04 00:27:46,205 INFO HTTP Request: GET https://www.nemzeticegtar.hu/ceg-c0914060861.html "HTTP/2 200 OK"
2026-05-04 00:27:48,112 INFO HTTP Request: GET https://www.nemzeticegtar.hu/ceg-c0710068429.html "HTTP/2 200 OK"
2026-05-04 00:27:50,432 INFO HTTP Request: GET https://www.nemzeticegtar.hu/ceg-c1120062435.html "HTTP/2 200 OK"
2026-05-04 00:27:52,826 INFO HTTP Request: GET https://www.nemzeticegtar.hu/ceg-c1210056850.html "HTTP/2 200 OK"
2026-05-04 00:27:53,541 INFO HTTP Request: GET https://www.nemzeticegtar.hu/ceg-c1017045588.html "HTTP/2 200 OK"
2026-05-04 00:27:54,359 INFO HTTP Request: GET https://www.nemzeticegtar.hu/ceg-c0221058481.html "HTTP/2 200 OK"
2026-05-04 00:27:57,258 INFO HTTP Request: GET https://www.nemzeticegtar.hu/ceg-c1411064188.html "HTTP/2 200 OK"
2026-05-04 00:27:58,360 INFO HTTP Request: GET https://www.nemzeticegtar.hu/ceg-c2019035737.html "HTTP/2 200 OK"
2026-05-04 00:27:59,224 INFO HTTP Request: GET https://www.nemzeticegtar.hu/ceg-c1432054444.html "HTTP/2 200 OK"
2026-05-04 00:27:59,954 INFO HTTP Request: GET https://www.nemzeticegtar.hu/ceg-c2011057413.html "HTTP/2 200 OK"
2026-05-04 00:28:01,804 INFO HTTP Request: GET https://www.nemzeticegtar.hu/ceg-c0511099847.html "HTTP/2 200 OK"
2026-05-04 00:28:04,802 INFO HTTP Request: GET https://www.nemzeticegtar.hu/ceg-c1031078473.html "HTTP/2 200 OK"
2026-05-04 00:28:05,620 INFO HTTP Request: GET https://www.nemzeticegtar.hu/ceg-c0732095218.html "HTTP/2 200 OK"
2026-05-04 00:28:06,645 INFO HTTP Request: GET https://www.nemzeticegtar.hu/ceg-c1309007662.html "HTTP/2 200 OK"
2026-05-04 00:28:07,993 INFO HTTP Request: GET https://www.nemzeticegtar.hu/ceg-c1311093306.html "HTTP/2 200 OK"
2026-05-04 00:28:08,635 INFO HTTP Request: GET https://www.nemzeticegtar.hu/ceg-c0110011347.html "HTTP/2 200 OK"
2026-05-04 00:28:10,336 INFO HTTP Request: GET https://www.nemzeticegtar.hu/ceg-c0717067248.html "HTTP/2 200 OK"
2026-05-04 00:28:12,986 INFO HTTP Request: GET https://www.nemzeticegtar.hu/ceg-c1019093772.html "HTTP/2 200 OK"
2026-05-04 00:28:13,900 INFO HTTP Request: GET https://www.nemzeticegtar.hu/ceg-c0420065101.html "HTTP/2 200 OK"
2026-05-04 00:28:14,548 INFO HTTP Request: GET https://www.nemzeticegtar.hu/ceg-c2021049240.html "HTTP/2 200 OK"
2026-05-04 00:28:15,977 INFO HTTP Request: GET https://www.nemzeticegtar.hu/ceg-c0318042532.html "HTTP/2 200 OK"
2026-05-04 00:28:18,730 INFO HTTP Request: GET https://www.nemzeticegtar.hu/ceg-c1520079329.html "HTTP/2 200 OK"
2026-05-04 00:28:20,062 INFO HTTP Request: GET https://www.nemzeticegtar.hu/ceg-c1011085614.html "HTTP/2 200 OK"
2026-05-04 00:28:20,367 INFO HTTP Request: GET https://www.nemzeticegtar.hu/ceg-c1318000250.html "HTTP/2 200 OK"
2026-05-04 00:28:20,681 INFO HTTP Request: GET https://www.nemzeticegtar.hu/ceg-c0519042543.html "HTTP/2 200 OK"
2026-05-04 00:28:23,198 INFO HTTP Request: GET https://www.nemzeticegtar.hu/ceg-c1132022163.html "HTTP/2 200 OK"
2026-05-04 00:28:25,010 INFO HTTP Request: GET https://www.nemzeticegtar.hu/ceg-c0920032620.html "HTTP/2 200 OK"
2026-05-04 00:28:26,922 INFO HTTP Request: GET https://www.nemzeticegtar.hu/ceg-c1719071727.html "HTTP/2 200 OK"
2026-05-04 00:28:27,433 INFO HTTP Request: GET https://www.nemzeticegtar.hu/ceg-c1212009635.html "HTTP/2 200 OK"
2026-05-04 00:28:28,253 INFO HTTP Request: GET https://www.nemzeticegtar.hu/ceg-c1019074183.html "HTTP/2 200 OK"
2026-05-04 00:28:31,573 INFO HTTP Request: GET https://www.nemzeticegtar.hu/ceg-c0201012741.html "HTTP/2 200 OK"
2026-05-04 00:28:31,941 INFO HTTP Request: GET https://www.nemzeticegtar.hu/ceg-c1131014106.html "HTTP/2 200 OK"
